variable_id,description,pct_nonnegative
pidp,Cross-wave person identifier (public release),100.0
pid,personal identifier (BHPS cohort),20.6448
n_hidp,Household identifier (public release),100.0
n_hhorig,"Sample origin, household",100.0
n_memorig,"Sample origin, individual",100.0
n_psu,Primary sampling unit,100.0
n_strata,Sampling strata,100.0
n_sampst,Sample status,100.0
n_month,sample month,100.0
n_quarter,sample quarter,100.0
n_ivfio,Individual level outcome,100.0
n_ioutcome,Individual outcome,100.0
n_chkrespweb1,Confirm respondent's details web: All correct,56.6265
n_loginscreen,Enter numeric access code,14.6401
n_addrchckweb,Respondent confirms first line of address,10.5015
n_chooseiv,Identify self from HH members list,4.1245
n_chkrespwebb,Confirm respondent web,14.705
n_chkwebtitle,Correct title,1.9301
n_chkwebsex,Check Respondent sex web,0.0776
n_respchild1,PNO of child responsible for - PNO 1,13.9123
n_pwcu18abs1,PNO of child under 18 the adult is responsible for - PNO 1,99.0736
n_pwcu131,PNO of child 0-12 the adult is responsible for - PNO 1,99.5939
n_pwc10151,PNO of child 10-15 the adult is responsible for - PNO 1,99.5939
n_pwcu16abs1,PNO of child <16 the adult is responsible forand other parent absent - PNO 1,99.6956
n_gridcompletedby1,PNO of person who completed the HHGrid - PNO 1,99.6824
n_hgbiochm1,PNO of child 0-15 in household where resp is biological mother - PNO 1,99.6956
n_hgbiochf1,PNO of child 0-15 in household where resp is biological father - PNO 1,99.6956
n_istrtdathh,Individual interview start time (hours),99.9968
n_istrtdatmm,Individual interview start time (minutes),99.9968
n_istrtdatss,Individual interview start time (seconds),99.9968
n_istrtdaty,Individual interview start date (year),99.9964
n_istrtdatm,Interview start date (month),99.9964
n_istrtdatd,Individual interview start date (day),99.9964
n_chkresp1,All correct,39.1603
n_dcsex,Correct sex,1.2338
n_xpmovy11,Family related reasons,9.4482
n_alljbstat1,Self employed,99.5442
n_mobcomp,Has a tablet or iPad,96.7172
n_dsktcomp,Access to mobile technology: Desktop computer,93.2793
n_laptop,Access to mobile technology: Laptop,93.2809
n_smtphone,Access to mobile technology: Smartphone,93.2632
n_tablet,Access to mobile technology: Tablet,93.2215
n_ftphone,Access to mobile technology: Feature phone / non-touchscreen mobile phone,93.0027
n_ereader,Access to mobile technology: E-book reader,93.0973
n_smtwatch,Access to mobile technology: Smartwatch,93.0893
n_othdevce,Access to mobile technology: Other,92.4023
n_browse,Frequency of using the internet: Browsing websites,93.4059
n_email,Frequency of using the internet: Email,93.3634
n_smlook,Frequency of using the internet: Looking at Social Media,93.3378
n_smpost,Frequency of using the internet: Posting on Social Media,93.3113
n_onlinebuy,Frequency of using the internet: Online buying,93.3129
n_onlinebank,Frequency of using the internet: Online banking,93.3017
n_gaming,Frequency of using the internet: Gaming,93.3153
n_streaming,Frequency of using the internet: Streaming videos,93.2809
n_streammusic,Frequency of using the internet: Streaming music,94.0705
n_mreason1,"Reason for migration: For work (e.g. wanted to work and earn money in the UK, to",4.9833
n_citzn1,UK citizen uk citizen,3.1315
n_qfvoc1,Vocational qualifications: Youth training certificate,7.2251
n_apprent1,Traditional apprenticeship,0.1939
n_rsaocr1,"RSA/OCR level: RSA certificate (including Stage I,II & III) / OCR Level 1",0.1851
n_citygld1,Part 1 / Foundation,0.4799
n_gnsvq1,Foundation,0.1176
n_nsvq1,NVQ/SVQ level: Level 1,0.6961
n_btec1,First certificate or general certificate (below level 2),0.6729
n_scotvec1,SCOTVEC/SCOTEC/SCOTBEC level: Modules towards a National Certificate,0.0276
n_ncs,National Citizen Service participation,12.0493
n_pgprob,Country father's father born in,13.5787
n_pgmrob,Country father's mother born in,13.5744
n_mgprob,Country mother's father born in,13.6578
n_mgmrob,Country mother's mother born in,13.7046
n_lvag16,Living with biological parents at 16,13.9242
n_agelh,Age stopped living with both biological parents,2.923
n_ynlp14,Why not living with both biological parents,2.9494
n_natid1,National identity: English,11.3153
n_racelo_code,Specific code for generic ethnic groups,0.5542
n_racelot_code,Specific code for other ethnic groups,0.0592
n_racel_dv,"Ethnic group incorp. all waves, codings, modes and bhps",98.1482
n_spaid,Strength of identification with father's ethnicity,4.3247
n_smaid,Strength of identification with mother's ethnicity,0.7471
n_englang,English is first language,13.7882
n_kidlang,Childhood language,55.1684
n_ethid2,Importance of language spoken at home,5.1431
n_ethid4a,Importance of own religion,7.6439
n_ethid4b,Importance of religion brought up in,2.0754
n_ethclose1,Closeness to speaker of same language,10.9803
n_ethclose2a,Closeness to someone of same religion as own,7.6279
n_ethclose2b,Closeness to someone of same religion as brought up in,2.0832
n_ethclose4a,Closeness to someone of same region as brought up in,10.9954
n_ethclose4b,Closeness to someone of same region as currently live,10.9949
n_pride2,Pride in language brought up in,4.7124
n_pride4a,Pride in own religion,6.6001
n_pride4b,Pride in religion brought up in,0.6068
n_food1,Eats food from where born,10.973
n_servuse1,Service use in last 12 months: Your local doctor,17.7887
n_cancertyp1,Bowel/colorectal,0.2402
n_brainnervtyp1,Parkinson's disease,0.0981
n_gvupreas5,Family and friends want me to stop,7.3471
n_aidhua1,Resp. aids person number 1,7.2431
n_partpregfh,Partner pregnant,3.0758
n_pregduedffh,Pregnancy due day father,0.0874
n_pregduemffh,Pregnancy due month father,0.0874
n_pregdueyffh,Pregnancy due year father,0.0874
n_preg0fh,Currently pregnant,7.1157
n_pregduedmfh,Pregnancy due day mother,0.1692
n_pregduemmfh,Pregnancy due month mother,0.172
n_pregdueymfh,Pregnancy due year mother,0.172
n_reltopwcffh,Relationship to child's father,0.0338
n_pregftfh1,In vitro fertilisation treatment,0.0113
n_movy11,Family related reasons,6.968
n_moveoth_code,moved for other reasons,1.2637
n_partpreg,Partner pregnant,8.5506
n_pregduedf,Pregnancy due day father,0.1945
n_pregduemf,Pregnancy due month father,0.1945
n_pregdueyf,Pregnancy due year father,0.0789
n_father,Fathered children since last interview,30.0159
n_nchild,Number of new children,1.0096
n_preg0,Currently pregnant,18.494
n_pregduedm,Pregnancy due day mother,0.358
n_pregduemm,Pregnancy due month mother,0.3609
n_pregdueym,Pregnancy due year mother,0.3158
n_reltopwcf,Relationship to child's father,0.0846
n_nnewborn,Number of newborns since last interview,89.2066
n_cancertypn1,Bowel/colorectal,1.6101
n_brainnervtypn1,Parkinson's disease,0.4486
n_qualnew1,New qualifications gained: Higher Degree,3.0911
n_napprent1,New apprenticeship level (obtained since last interview): Intermediate/Level 2/F,0.0044
n_nrsaocr1,New RSA/OCR level (obtained since last interview): RSA certificate (including St,0.0031
n_ncitygld1,New City and Guilds level (obtained since last interview): Part 1 / Foundation,0.0469
n_ngnsvq1,New GNVQ/GSVQ level (obtained since last interview): Foundation,0.0057
n_nnsvq1,New NVQ/SVQ level (obtained since last interview): Level 1,0.0816
n_nbtec1,New GNVQ/GSVQ level (obtained since last interview): First certificate or genera,0.2356
n_nscotvec1,Modules towards a National Certificate,0.0009
n_trqual1,Training qualifications gained: Higher Degree,5.9564
n_trapprent1,Intermediate/Level 2/Foundation Modern,0.0548
n_trrsaocr1,New training: RSA/OCR level (obtained since last interview): RSA certificate (in,0.0088
n_trcitygld1,New training: City and Guilds level (obtained since last interview): Part 1 / Fo,0.1904
n_trgnsvq1,New training: GNVQ/GSVQ level (obtained since last interview): Foundation,0.0171
n_trnsvql1,New training: NVQ/SVQ level (obtained since last interview): Level 1,0.415
n_trbtec1,New training: BTEC/BEC/TEC/EdExcel/LQL level (obtained since last interview): Fi,0.0811
n_trscotvec1,New training: SCOTVEC/SCOTEC/SCOTBEC level (obtained since last interview): Modu,0.0026
n_stendreas1,Reason most recent job ended: Promoted,4.9157
n_matlvnew1,Maternity leave,1.0984
n_matlvcode1,maternity leave no. 1: Type of leave taken - computed,0.9489
n_jbendreas1,Reason job ended: Promoted,3.7558
n_nxtendreas1,Reason job ended: Promoted,0.932
n_jbwah,Working at home,35.4598
n_ovtpay,Additional pay for extra hours,30.0928
n_wktrv1,Drive myself by car or van,38.9743
n_firmdecline,Refused employer link information,10.6936
n_jswah,Working at home,4.3328
n_jswktrv1,Drive myself by car or van,4.1331
n_workdis,Distance from work,45.231
n_journeysat,Satisfaction with commute,41.202
n_workpark,Availability workplace parking,40.7124
n_workparkpay,Pay for work parking,36.6161
n_wkphys,Physicality of job,52.9134
n_jbperfp,Pay includes performance related pay,46.0264
n_jbonus,Pay includes bonuses or profit share,46.1489
n_jbrise,Pay includes annual increments,45.4697
n_tujbpl,Union or staff association at workplace,44.8035
n_tuin1,Member of workplace union,28.0837
n_jbpen,Pension: Employer runs a pension scheme,45.4989
n_jbpenm,Pension: Member of employer's scheme,36.1025
n_jbpeny4,Year pension started,28.9687
n_penmcn,Contributions made to employer's pension scheme,29.2591
n_penmpy,Percentage of pay/salary made,19.5257
n_penmtp,Final pension calculated,18.074
n_penspb,Partner receives benefits under occup pension scheme,18.6269
n_wktime,Times of day usually worked,53.2932
n_wkends,Usually works weekends,53.3065
n_jbflex1,Flexible working arrangements: Part-time working,45.4772
n_jbfxuse1,Flexible work use: Part-time working,34.9488
n_jbfxinf,Informal flexible working arrangements,46.1047
n_wktech1,Desktop computer,54.0036
n_wktechinet1,Desktop computer,45.2025
n_wkhome,Working at/from home frequency,54.0175
n_wkaut1,Autonomy over job tasks,53.2452
n_depenth1,Feels tense about job,53.1723
n_jblkcha,Would like: Better job with same employer,52.9377
n_jbxpcha,Expect: Better job with same employer,52.1507
n_jblkchb,Would like: Work related training,53.0248
n_jbxpchb,Expect: Work related training,52.1957
n_jblkchc,Would like: New job with a new employer,52.424
n_jbxpchc,Expect: New job with a new employer,51.3581
n_jblkchd,Would like: Start own business,52.884
n_jbxpchd,Expect: Start own business,52.6215
n_jblkche,Would like: Give up paid work,53.1015
n_jbxpche,Expect: Give up paid work,52.8111
n_jbsec,Job security in next 12 months,45.4268
n_nestlink,NEST consent,83.5045
n_nestesent,Email reminder sent of agreement for consent link to NEST records,29.6892
n_julk4x1,Looked for work in last 4 weeks: Applied directly to an employer,3.2367
n_mlrnotnew1,I prefer to look after my child(ren) myself,0.1962
n_volun,Volunteer in last 12 months,94.8241
n_volfreq,Frequency of volunteering,16.5248
n_volhrs,Hours spent volunteering in last 4 weeks,16.3724
n_lvreladp1,Mother,98.3782
n_nrels4,number of absent brothers/sisters,71.1943
n_biou161,Biological children under 16 not living in HH,38.0987
n_biou16num1,Number Biological children under 16 not living in HH,1.356
n_adopu161,Adopted children under 16 not living in HH,1.0206
n_adopu16num1,Number Adopted children under 16 not living in HH,0.0254
n_stepu161,Step children under 16 not living in HH,5.6553
n_stepu16num1,Number Step children under 16 not living in HH,0.2847
n_lchcliv16,Where currently live -children under 16,0.0902
n_lchcar16,Care arrangements - children under 16 outside UK,0.031
n_lch2uk16,Children under 16 to come to the UK,0.031
n_paaid1,Giving them lifts in your car (if you have one),48.3501
n_paidu1,Getting a lift in their car (if they have one),48.3169
n_chaid161,Giving them lifts in your car (if you have one),39.7263
n_caidu161,Getting lifts in their car (if they have one),39.697
n_benbase1,Income: Receives core benefits: Income Support,96.5809
n_benpen1,Income: Pensions: State Retirement (Old Age) Pension,69.4224
n_othben1,Other benefits or credits: Foster Allowance,96.5324
n_bensta8,Income: Other sources: Student Loan and/or Tuition Fee Loan,96.6385
n_missource01,Income source enumerated at previous wave but not current wave: NI Retirement/St,97.6121
n_nfh01,Further income: NI Retirement/State Retirement (Old Age) Pension,0.5906
n_scrf1,Self-completion refused: Didn't like computer,2.94
n_scun2,Reason unable to complete: Reading/literacy problems,1.3939
n_yajbsrv1,Used career advice: Friends and/or relatives,0.7762
n_ncrr3,Definite decision not to live together,7.5817
n_ncrremote,Frequency remote contact partner,7.8289
n_ncrra,Have children with non co-resident partner,7.8542
n_ncrridall,Number for children respondent has with non-resident other parent,0.6061
n_ncrrawhich01,Children non co-resident partner is parent of PNO 1 from HHGrid,0.2227
n_ncrramore,More children with this partner,0.2143
n_ncrrb,More than one child together,0.1039
n_ncrrpreg,Partner currently pregnant,2.3668
n_ncrrdueyffh,Partner's child's DOB: year,0.0161
n_scwhorupro,Important who you are: Profession,83.3857
n_scwhoruedu,Important who you are: Education,86.193
n_scwhorurac,Important who you are: Ethnic background,85.7686
n_scwhorupol,Important who you are: Political beliefs,85.6032
n_scwhorufam,Important who you are: Family,87.6359
n_scwhorusex,Important who you are: Gender,86.7173
n_scwhoruage,Important who you are: Age/life stage,87.1819
n_scgentrust,How much trust people,96.8707
n_scpundstnd,Spouse/partner understands way I feel,54.7914
n_scprely,Can rely on spouse/partner,54.8189
n_scpopenup,Can talk about worries with spouse/partner,54.7991
n_scpcritic,Spouse/partner criticises me,54.7602
n_scpletdwn,Spouse/partner lets me down,54.7476
n_scpannoy,Spouse/partner gets on my nerves,54.729
n_screlany,Has immediate family,87.0814
n_scrundstnd,Family understands way I feel,82.2979
n_scrrely,Can rely on family,82.3842
n_scropenup,Can talk about my worries with family,82.3368
n_scrcritic,Family criticises me,82.0959
n_scrletdwn,Family lets me down,82.1912
n_scrannoy,Family gets on my nerves,82.2458
n_scfrendany,Has friends,87.2241
n_scfundstnd,Friends understand way I feel,81.3397
n_scfrely,Can rely on friends,81.3493
n_scfopenup,Can talk about my worries with friends,81.3116
n_scfcritic,Friends criticise me,81.0114
n_scfletdwn,Friends let me down,81.1869
n_scfannoy,Friends get on my nerves,81.2564
n_scssup1,Sex of closest friend,85.4648
n_scssupr2r,Relationship of closest friend to resp,80.2845
n_ienddathh,Time at end of individual interview (hours),88.518
n_ienddatmm,Time at end of individual interview (minutes),88.518
n_ienddatss,Time at end of individual interview (seconds),88.518
n_ienddaty,Date at end of individual interview (year),87.0101
n_ienddatm,Date at end of individual interview (month),87.0101
n_ienddatd,Date at end of individual interview (day),87.0101
n_deviceused,Device used,99.0736
n_lacyb41,adoptedchild no. 1: Year adopted child joined resp HH,0.2114
n_laclv1,adoptedchild no. 1: Adopted child still lives in resp HH,0.2312
n_lacno1,adoptedchild no. 1: PNO of adopted child in HH,0.0648
n_lchchkadp1,adoptedchild no. 1: Date of birth check - resident adopted child,0.0592
n_lachhgmis1,adoptedchild no. 1: Child's other parent lives in household,0.0
n_lacyd41,adoptedchild no. 1: Year of death - adopted child,0.0056
n_lacsx1,adoptedchild no. 1: Sex of adopted child,0.1692
n_lacal1,adoptedchild no. 1: Age of adopted child when last lived with resp,0.1466
n_lacby41,adoptedchild no. 1: Year of birth - adopted child,0.1551
n_reltopwcafh1,adoptedchild no. 1: Relationship to child's mother/father,0.0056
n_lmcbm1,cohab no. 1: Month began cohabitation spell,1.4889
n_lmcby41,cohab no. 1: Year began cohabitation spell,1.5122
n_currpart1,cohab no. 1: Check if current husband/wife/partner,1.0427
n_lmspm1,cohab no. 1: Month ended ML spell,0.3388
n_lmspy41,cohab no. 1: Year ended ML spell,0.3683
n_nextstat1,empl spell no. 1: Next employment status,1.8607
n_nextelse1,empl spell no. 1: Next non-employment status,0.6214
n_currstat1,empl spell no. 1: Current non-employment status,0.6195
n_nextjob1,empl spell no. 1: Next job,1.2292
n_currjob1,empl spell no. 1: Current job indicator,1.2361
n_jobhours1,empl spell no. 1: Next job hours,0.1934
n_reasend1_1,empl spell no. 1: Promoted,0.1836
n_reasend2_1,empl spell no. 1: Left for better job,0.1836
n_reasend3_1,empl spell no. 1: Made redundant,0.1836
n_reasend4_1,empl spell no. 1: Dismissed/sacked,0.1836
n_reasend5_1,empl spell no. 1: Temporary job ended,0.1836
n_reasend6_1,empl spell no. 1: Took retirement,0.1836
n_reasend8_1,empl spell no. 1: Left to have baby,0.1836
n_reasend9_1,empl spell no. 1: Look after family,0.1836
n_reasend10_1,empl spell no. 1: Look after other person,0.1836
n_reasend11_1,empl spell no. 1: Moved area,0.1836
n_reasend97_1,empl spell no. 1: Other reason,0.1836
n_jbatt1,empl spell no. 1: Main attraction of current job,0.9588
n_statendd1,empl spell no. 1: Employment status end: day,0.3293
n_statendm1,empl spell no. 1: Employment status end: month,0.3732
n_statendy41,empl spell no. 1: Employment status end: year,0.3764
n_reasendoth1_code,empl spell no. 1: Job finished for other reasons,0.0262
n_reasendoth2_code,empl spell no. 2: Job finished for other reasons,0.006
n_reasendoth3_code,empl spell no. 3: Job finished for other reasons,0.0052
n_reasendoth4_code,empl spell no. 4: Job finished for other reasons,0.0015
n_reasendoth5_code,empl spell no. 5: Job finished for other reasons,0.0021
n_reasendoth6_code,empl spell no. 6: Job finished for other reasons,0.0005
n_ftedstartm1,edu spell no. 1: Month started FT education period,1.2844
n_ftedstarty41,edu spell no. 1: Year started FT education period,1.2907
n_ftedend1,edu spell no. 1: FT education period ended,1.3307
n_ft2endm1,edu spell no. 1: Month finished next FT education period,0.3639
n_ft2endy41,edu spell no. 1: Year finished next FT education period,0.3629
n_ftedmor1,edu spell no. 1: More FT education periods,0.6115
n_mstatch1,marst change 1: Legal marital status change,1.5943
n_statcm1,marst change 1: Month legal marital status changed,1.4798
n_statcy41,marst change 1: Year legal marital status changed,1.4796
n_divchk1,marst change 1: Divorce/CP dissolved date check,0.3289
n_divfin1,marst change 1: Divorce final check,0.0119
n_dvm1,marst change 1: Month divorce/CP dissolved,0.0053
n_dvy41,marst change 1: Year divorce/CP dissolved,0.0059
n_cmlstat1,marst change 1: Current legal marital status,1.6811
n_matlvcod1,maternity leave no. 1: Maternity leave code,0.9489
n_matlvstartm1,maternity leave no. 1: Month started period of leave,0.9209
n_matlvstarty41,maternity leave no. 1: Year started period of leave,0.9209
n_matlvcurrstat1,maternity leave no. 1: If period ended,0.9489
n_matlleavendm1,maternity leave no. 1: Month ended period of leave,0.4734
n_matlleavendy41,maternity leave no. 1: Year ended period of leave,0.4755
n_matlvmore1,maternity leave no. 1: Other blocks of shared parental leave,0.0042
n_lchlvfh1,natchild no. 1: Child resident - biological,14.7473
n_lchnofh1,natchild no. 1: PNO of resident biological child,6.4842
n_lchchkfh1,natchild no. 1: Date of birth check - resident biological child,5.9767
n_lchyd4fh1,natchild no. 1: Year biological child died,0.2847
n_lchsxfh1,"natchild no. 1: Sex of non-resident, deceased or stillborn biological child, or",8.6606
n_lchdoby1,natchild no. 1: Year of birth of non-resident or deceased biological child or bi,8.1109
n_lbchhgmis1,natchild no. 1: Child's other parent lives in household,0.406
n_lchalfh1,natchild no. 1: Child age last lived with resp,7.8148
n_bwtxpfh1,natchild no. 1: Child born when expected,2.4865
n_bwtelfh1,natchild no. 1: Child born early or late,1.0375
n_bwtwkfh1,natchild no. 1: Weeks early or late,1.029
n_bwtfh1,natchild no. 1: Birthweight,2.2638
n_bwtlbfh1,natchild no. 1: Birthweight in pounds,1.762
n_bwtozfh1,natchild no. 1: Birthweight in ounces,1.7535
n_bwtkfh1,natchild no. 1: Birthweight kilograms,0.4877
n_bwtg5fh1,natchild no. 1: Birthweight: more than 5.5lbs (2.5kg),0.2284
n_pregcesfh1,natchild no. 1: Cesarean delivery,2.4809
n_nbclmprbfh1,natchild no. 1: Problems calming child,0.1889
n_nbfussfh1,natchild no. 1: Amount of fussing or crying,0.1889
n_nbsleepfh1,natchild no. 1: Time for child to settle into sleep,0.1889
n_nbwakesfh1,natchild no. 1: Number of times child wakes at night,0.1889
n_nbrefeatfh1,natchild no. 1: Refuses to eat statement,0.1889
n_nbnoappfh1,natchild no. 1: No appetite statement,0.1889
n_reltopwcbfh1,natchild no. 1: Relationship to child's mother/father,0.9191
n_ncrrc_1,ncrrc no. 1: Age of child,0.0732
n_ncrrd_1,ncrrc no. 1: Child lives with,0.06
n_ncrrxxf_1,ncrrc no. 1: Child sex,0.0585
n_nonresch2id_1,"nonreschild no. 1: Identification number for each Step, Biological or Adopted ch",1.497
n_pwcparnam_1,nonreschild no. 1: Other parent code,0.062
n_nrclives_1,nonreschild no. 1: Non-res child mostly lives with,1.435
n_livedwithnrc_1,nonreschild no. 1: Child ever lived with Respondent,1.4209
n_mthslwc_1,nonreschild no. 1: Months since Respondent lived with child,0.5244
n_yrslwc_1,nonreschild no. 1: Years since Respondent lived with child,0.5582
n_nrcbirthc_1,nonreschild no. 1: Name on child's birth certificate,0.9416
n_seekidnrc_1,nonreschild no. 1: How often contact child outside HH,1.4096
n_seekidnrc1_1,nonreschild no. 1: How often remote contact child outside HH,1.4124
n_reltopwc_1,nonreschild no. 1: Relationship to child's mother/father,1.2658
n_pwcseparatem_1,nonreschild no. 1: Months since separated from child's parent,0.8148
n_pwcseparatey_1,nonreschild no. 1: Years since separated from child's parent,0.874
n_nrcdoby_1,ncrrc no. 1: Non-resident child's DOB: year,1.3673
n_nrcsex_1,ncrrc no. 1: Non-resident child's sex,1.4378
n_reltonrc_1,ncrrc no. 1: Child's relationship to Respondent,1.5844
n_nrkidmis_1,ncrrc no. 1: More non-resident children under 16 check,0.936
n_psnumch,number of 10 yr olds answered parenting style of,2.578
n_pregm1,pregnancy 1: Month of pregnancy,1.2466
n_pregy41,pregnancy 1: Year of pregnancy,1.2565
n_pregft11,pregnancy 1: In vitro fertilisation treatment,0.0701
n_pregspd1,pregnancy 1: Sperm donation,0.0045
n_pregout1,pregnancy 1: Outcome of pregnancy,2.1378
n_pregend1,pregnancy 1: How pregnancy ended,0.2694
n_endmnth1,pregnancy 1: Month pregnancy ended if not live birth,0.269
n_lchmulti1,pregnancy 1: Pregnancy resulted in multiple births,1.3532
n_opserv1,service no.1: Satisfaction with service use,13.4778
n_srvynot1,service no.1: Why not use service in last 12 months,4.2441
n_lscyb41,stepchild no. 1: Year step-child joined resp HH,1.3166
n_lsclv1,stepchild no. 1: Step-child still lives in resp HH,1.4434
n_lscno1,stepchild no. 1: PNO of step-child in HH,0.3524
n_lchchkstep1,stepchild no. 1: Date of birth check - resident step-child,0.2819
n_lschhgmis1,stepchild no. 1: Child's other parent lives in household,0.0592
n_lscyd41,stepchild no. 1: Year of death - step-child,0.0085
n_lscsx1,stepchild no. 1: Sex of step-child,1.1249
n_lscal1,stepchild no. 1: Age of step-child when last lived with resp,0.967
n_lscby41,stepchild no. 1: Year of birth - step-child,0.874
n_reltopwcsfh1,stepchild no. 1: Relationship to child's mother/father,0.0085
n_trwho1,training spell 1: Training provider,16.3081
n_traindays1,training spell 1: No. of days on training course,15.988
n_trainhrs1,training spell 1: No. of hours per day training,16.0444
n_trainend1,training spell 1: Training ended,16.3221
n_trainpurp11,training spell 1:    Purpose of training: To help you get started in your job,16.2179
n_trainqual1,training spell 1: Qualifications from training,16.2877
n_deviceo_code,Access to mobile technology via other devices,5.9696
n_hednto_code,Other reason not going to HE,0.0267
n_jbendoth_code,Job finished for other reasons,0.492
n_mreasono_code,mreason - reason for moving to the UK,0.2534
n_nxtendoth_code,Job finished for other reasons,0.1403
n_scrx_code,other reason sc refused,0.325
n_scux_code,other reason resp unable,0.721
n_stendoth_code,Job finished for other reasons,1.0716
n_wktecho_code,Technology use for work via other devices,1.6404
n_xpmvoth_code,Prospective move for other reasons,2.0785
n_yafutb,Young Adult: Future Plans 2nd mention,3.5325
n_doneproxy,Proxy interview done previously for this respondent,3.7827
n_iproxy,Able to do a proxy,2.3879
n_plieng,Interview conducted in English,2.3879
n_plitrans,Translated language,0.0097
n_prel,Rel between proxy and proxy informant,4.5248
n_preason,Reason for proxy,4.5193
n_pripn,PNO of proxy informant,4.5227
n_lprnt,Ever had/fathered children,4.4734
n_lnprnt,No. of children natural parent to,2.5773
n_ch1by4,DOB of eldest child: Year,2.4642
n_qualoc,UK or non-UK qualification,1.2472
n_pjulk4wk,Looked for work in last 4 weeks,1.7514
n_pjbptft,Part-time or full-time: current job,0.0977
n_pjsptft,S/emp: part-time or full-time,0.0275
n_prearn,Total earnings,1.9052
n_prearnw_w14,Total earnings weekly,0.0254
n_prearna_w14,Total earnings annually,0.0451
n_pbnft1,Income types received: NI Retirement/State Retirement (old age) Pension,4.3836
n_netuse,Regularly uses internet,14.5302
n_prfitb,Total personal income,3.1447
n_prfitbw_w14,Total personal income weekly,0.0874
n_prfitba_w14,Total personal income annually,0.0733
n_ivprsnt,Anyone present during interview,59.6243
n_consentsms,Consent to send questions by text,95.101
n_detincothr1,Home landline,81.8516
n_rhland_code,Participant landline given,45.1212
n_rphmobb_code,participant mobile given,39.1165
n_rphmob_code,Participant mobile given,33.6615
n_mobnrchk_code,participant mobile given after non-response check,2.3935
n_rphwrk_code,Participant work number given,12.4203
n_remail_code,Participant email given,18.0117
n_remail2_code,participant email second entry given,12.6321
n_rcotherd_code,Other contact details,0.216
n_ctconsconf1,Relation,64.4051
n_ctadd1_code,stable contact address 1 given,40.9842
n_ctadd2_code,stable contact address 2 given,18.4942
n_cttown_code,stable contact town 1 given,13.9092
n_ctcnty_code,stable contact county given,31.6336
n_ctpcode_code,stable contact postcode given,38.7778
n_cttel1_code,stable contact phone 1 given,34.478
n_cttel2_code,stable contact phone 2 given,17.3327
n_ctemail_code,stable contact email given,11.703
n_ideviceused,Device used for first accessing individual interview,99.5693
n_indmode,mode this individual was given final ind outcome in,99.2326
n_intdatd_if,"Interview date: Day, imputation flag",99.9996
n_intdatm_if,"Interview date: Month, imputation flag",99.9996
n_intdaty_if,"Interview date: Year, imputation flag",99.9996
n_doby_if,DOB Year imputation flag,99.9996
n_age_if,Imputation flag for age_dv,99.9996
n_ppsex,Partner's sex,62.2879
n_fnpid,Natural father: PIDP,9.2965
n_mnpid,Natural mother: PIDP,13.9361
n_pn1pid,Natural parent 1: PIDP,14.7705
n_pn1pno,Natural parent 1: PNO,100.0
n_pn1sex,Natural parent 1: Sex,14.7699
n_pn2pid,Natural parent 2: PIDP,8.4642
n_pn2pno,Natural parent 2: PNO,100.0
n_pn2sex,Natural parent 2: Sex,8.4641
n_pns1pid,Nat/step/adopt parent 1: PIDP,14.887
n_pns1pno,Nat/step/adopt parent 1: PNO,100.0
n_pns1sex,Nat/step/adopt parent 1: Sex,14.8864
n_pns2pid,Nat/step/adopt parent 2: PIDP,9.7607
n_pns2pno,Nat/step/adopt parent 2: PNO,100.0
n_pns2sex,Nat/step/adopt parent 2: Sex,9.7605
n_grfpid,Grandfather: PIDP,0.2061
n_grmpid,Grandmother: PIDP,0.4177
n_jlsoc20_cc,"Last job: SOC 2020, condensed",3.313
n_pasoc20_cc,"Father's SOC 2020, resp aged 14, condensed",7.8407
n_masoc20_cc,"Mother's SOC 2020, resp aged 14, condensed",6.2086
n_yasoc20_cc,"young adult: job like: SOC 2020, condensed",2.878
n_j1soc20_cc,"First job: SOC 2020, condensed",8.936
n_jbsoc20_cc,"Current job: SOC 2020, condensed",28.165
n_gigemptyp1,"providing a driving or taxi service, for a fee",5.6531
n_owwah,Other work at home,0.0
n_julksoc00_1_cc,"Job 1 searching for: SOC 2000, condensed",3.7625
n_julksoc00_2_cc,"Job 2 searching for: SOC 2000, condensed",1.168
n_julksoc00_3_cc,"Job 3 searching for: SOC 2000, condensed",0.189
n_julksoc10_1_cc,"Job 1 searching for: SOC 2010, condensed",3.7657
n_julksoc10_2_cc,"Job 2 searching for: SOC 2010, condensed",1.2407
n_julksoc10_3_cc,"Job 3 searching for: SOC 2010, condensed",0.189
n_julksoc20_1_cc,"Job 1 searching for: SOC 2020, condensed",3.7657
n_julksoc20_2_cc,"Job 2 searching for: SOC 2020, condensed",1.2417
n_julksoc20_3_cc,"Job 3 searching for: SOC 2020, condensed",0.189
n_j2pay_if,imputation flag jb2pay_dv,95.4641
n_fimngrs_tc,fimngrs_dv includes top coded component (EUL version only) (EUL version only),99.9915
n_fimngrs_dv,total monthly personal income gross,99.9278
n_fimnlabgrs_tc,fimnlabgrs_dv includes top coded component (EUL version only) (EUL version only),99.9915
n_fimnlabgrs_dv,total monthly labour income gross,99.8665
n_fimnlabnet_tc,fimnlabnet_dv includes top coded component (EUL version only) (EUL version only),99.9915
n_fimnlabnet_dv,amount income component 1: net labour income,99.8665
n_fiyrinvinc_tc,fiyrinvinc_dv includes top coded component (EUL version only) (EUL version only),99.9915
n_fiyrinvinc_dv,"income from savings and investments, annual",99.9915
n_fibenothr_tc,fibenothr_dv includes top coded component (EUL version only) (EUL version only),99.9915
n_fibenothr_dv,Total income from benefits and other sources,95.4641
n_paygu_dv,usual gross pay per month: current job,46.6101
n_payg_dv,gross pay per month in current job: last payment,41.4492
n_paynu_dv,usual net pay per month: current job,46.6101
n_payn_dv,net pay per month in current job: last payment,41.4492
n_seearngrs_dv,self employment earnings - gross,6.8618
n_seearnnet_dv,self employment earnings - net,6.8618
n_j2pay_dv,pay in second job,95.4641
n_j2paynet_dv,amount income component 1c: net earnings second job,95.4641
n_ff_ivlolw,fed forward interview outcome prev wave,97.044
n_ff_jbsemp,fed-forward job status: employed or self employed,50.4912
n_ff_jbmngr,fed-forward job status: managerial duties,46.46
n_ff_jbsize,fed-forward job status: number employed at workplace,46.3
n_ff_jbstat,respondent employment status at previous interview,90.0033
n_ff_emplw,whether in paid employment at previous wave,90.0834
n_ff_bentype01,fed-forward: received ni retirement/state retirement (old age) pension,91.1151
n_ff_ivintlang,Interview language previous interview,91.0445
n_ff_yr2uk4,fed-forward year to uk,10.7684
n_ff_oprlg,fed-forward whether belong to a religion,80.854
n_ff_oprlg0ni,Religious affiliation / Northern Ireland,1.085
n_ff_ukborn,fed-forward born in the uk,72.1789
n_sex_dv,"Sex, derived",99.9984
n_age_dv,"Age, derived from dob_dv and intdat_dv",99.9935
n_intdatd_dv,"Interview date: Day, derived",99.9996
n_intdatm_dv,"Interview date: Month, derived",99.9996
n_intdaty_dv,"Interview date: Year, derived",99.9996
n_doby_dv,"DOB: Year, derived",99.9935
n_pensioner_dv,Whether R is of pensionable age,99.9923
n_marstat_dv,Harmonised de facto marital status,99.7136
n_npn_dv,Number of R's natural parents in hh,100.0
n_npns_dv,Number of R's nat/step/adopt parents in hh,100.0
n_ngrp_dv,Number of R's grandparents in hh,100.0
n_nnsib_dv,Number of R's natural siblings in hh,100.0
n_nnssib_dv,Number of R's nat/step/adopt siblings in hh,100.0
n_npensioner_dv,Total # of pensionable age in hh,99.9171
n_j1nssec8_dv,own first job: NSSEC 8 classes,7.4055
n_panssec8_dv,"Father's job: NSSEC 8 classes, resp aged 14",3.2037
n_manssec8_dv,"Mother's job: NSSEC 8 classes, resp aged 14",2.4594
n_nisced11_dv,"Newest Highest education qualification, short ISCED 2011",97.0435
n_yanssec8_dv,young adult: job like: NSSEC 8 classes,3.0964
n_scdata_dv,Self-completion module completed,100.0
n_ethn_dv,Ethnic group (derived from multiple sources),99.572
n_fimnmisc_dv,amount income component 2: miscellaneous income,99.9915
n_fimnprben_dv,amount income component 3: private benefit income,99.9915
n_fimninvnet_dv,amount income component 5: investment income,99.9915
n_fimnpen_dv,amount income component 6: pension income,99.9915
n_fimnsben_dv,amount income component 7: social benefit income,99.9915
n_fimnnet_dv,total net personal income - no deductions,99.9278
n_addrmov_dv,Participant changes address postcode since last wave,88.0947
n_distmov_dv,Distance participant moved since last wave (km),4.9372
n_country,Country of residence,99.9494
n_gor_dv,Government Office Region,99.9494
n_urban_dv,"Urban or rural area, derived",99.8216
n_hhresp_dv,Household response status,100.0
n_xtra5min_dv,Received extra 5 mins EMB questions? cross-sectional,95.4724
n_xtra5minosm_dv,Received extra 5 mins EMB questions? longitudinal,95.4724
n_agegr5_dv,Age group (age_dv): 5 year intervals,99.9935
n_agegr10_dv,Age group (age_dv): 10 year intervals,99.9935
n_agegr13_dv,Age group (age_dv): 13 categories,99.9935
n_livesp_dv,Lives with spouse in hh,100.0
n_cohab_dv,Lives with cohabitee in hh,100.0
n_single_dv,Single in hh,100.0
n_mastat_dv,De facto marital status,99.7654
n_hhtype_dv,"Composition of household, LFS-version",100.0
n_buno_dv,benefit unit number,100.0
n_depchl_dv,Whether dependent child - official definition,100.0
n_nchild_dv,Number of own children in household,100.0
n_ndepchl_dv,Number of own dependent children in household,84.9898
n_adresp15_dv,PNO of person responsible for child under 16,0.0016
n_respm16_dv,whether natural/adoptive/step mother of child under 16,100.0
n_respf16_dv,whether natural/adoptive/step/foster father of child under 16,100.0
n_rach16_dv,Whether responsible for child under 16,99.9984
n_hrpno,Household reference person: PNO,99.9994
n_ppid,partner's person identifier: PIDP,62.2894
n_ppno,partner's person number: PNO,100.0
n_sppid,Spouse's person identifier: PIDP,51.1286
n_sppno,Spouse's person number: PNO,100.0
n_fnpno,Natural father: PNO,100.0
n_fnspid,Nat/step/adopt father: PIDP,10.4523
n_fnspno,Nat/step/adopt father: PNO,100.0
n_mnpno,Natural mother: PNO,100.0
n_mnspid,Nat/step/adopt mother: PIDP,14.1872
n_mnspno,Nat/step/adopt mother: PNO,100.0
n_grfpno,Grandfather: PNO,100.0
n_grmpno,Grandmother: PNO,100.0
n_qfhigh_dv,Highest educational qualification,85.5357
n_nqfhigh_dv,Newly reported highest educational qualification,16.192
n_qfhighfl_dv,Eligibility flag for QFHIGH in UKHLS format,100.0
n_hiqual_dv,Highest qualification ever reported,98.4437
n_nhiqual_dv,"Highest new qualification, UKHLS & BHPS samples",16.2606
n_isced11_dv,"Highest education qualification, short ISCED 2011",97.6616
n_nnmpsp_dv,No. non-employment spells since last interview,83.9182
n_nmpsp_dv,No. employment spells since last interview,83.9012
n_nunmpsp_dv,No. unemployment spells since last interview,83.8893
n_jbft_dv,Full or part-time employee,52.4378
n_jbsoc00_cc,"Current job: SOC 2000, condensed",54.4043
n_jbsoc10_cc,"Current job: SOC 2010, condensed",32.0651
n_jbsic07_cc,"Current job: SIC 2007, condensed",53.5503
n_jbiindb_dv,"Current job: Industrial classification (CNEF), two digits",97.4073
n_jbes2000,Current job: Employment Status 2000,55.8248
n_jbseg_dv,Current job: Socio-economic Group,54.3724
n_jbrgsc_dv,Current job: Registrar General's Social Class,54.3724
n_jbnssec_dv,Current job: NS-SEC (detailed),54.3724
n_jbnssec8_dv,Current job: Eight Class NS-SEC,54.3724
n_jbnssec5_dv,Current job: Five Class NS-SEC,54.3724
n_jbnssec3_dv,Current job: Three Class NS-SEC,54.3724
n_jbisco88_cc,Current job: ISCO88 (condensed 3 digits version),53.6616
n_jlsoc00_cc,"Last job: SOC 2000, condensed",1.0987
n_jlsoc10_cc,"Last job: SOC 2010, condensed",0.9519
n_jlsic07_cc,"Last job: SIC 2007, condensed",1.0793
n_jliindb_dv,"Last job: Industrial classification (CNEF), two digits",30.3509
n_jles2000,Last job: Employment Status 2000,1.1703
n_jlseg_dv,Last job: Socio-economic Group,1.0973
n_jlrgsc_dv,Last job: Registrar General's Social Class,1.0973
n_jlnssec_dv,Last job: NS-SEC,1.0973
n_jlnssec8_dv,Last job: Eight Class NS-SEC,1.0973
n_jlnssec5_dv,Last job: Five Class NS-SEC,1.0973
n_jlnssec3_dv,Last job: Three Class NS-SEC,1.0973
n_jlisco88_cc,Last job: ISCO88 (condensed 3 digits version),1.0781
n_pasoc90_cc,"Father's SOC 1990, resp aged 14, condensed",3.2056
n_pasoc00_cc,"Father's SOC 2000, resp aged 14, condensed",3.2039
n_pasoc10_cc,"Father's SOC 2010, resp aged 14, condensed",3.2098
n_masoc90_cc,"Mother's SOC 1990, resp aged 14, condensed",2.4596
n_masoc00_cc,"Mother's SOC 2000, resp aged 14, condensed",2.4596
n_masoc10_cc,"Mother's SOC 2010, resp aged 14, condensed",2.4606
n_j1soc90_cc,"First job: SOC 1990, condensed",7.4049
n_j1soc00_cc,"First job: SOC 2000, condensed",7.4055
n_j1soc10_cc,"First job: SOC 2010, condensed",7.4063
n_yasoc90_cc,"young adult: job like: SOC 1990, condensed",3.0973
n_yasoc00_cc,"young adult: job like: SOC 2000, condensed",3.0973
n_yasoc10_cc,"young adult: job like: SOC 2010, condensed",3.0982
n_scflag_dv,flag for self-completion record,100.0
n_payu_dv,usual pay per month if different from last,2.8291
n_paygu_if,imputation flag var - paygu_dv,95.4641
n_paynu_if,imputation flag var - paynu_dv,95.4641
n_seearngrs_if,imputation flag var - seearngrs_dv,95.4641
n_fiyrinvinc_if,imputation flag var fiyrinvinc_dv,95.4641
n_fibenothr_if,share of c_fibenothr_dv imputed,95.4643
n_fimnlabgrs_if,imputation flag fimnlabgrs_dv,99.9913
n_fimngrs_if,imputation flag fimngrs_dv,99.9913
