tribe_label,size,Age in years,Gender,Gender %,Religion,Religion %,Ethnic group,Ethnic group %,English is my first language,English is my first language %,Highest qualification,Total monthly personal income (gross),Job type (NS-SEC 8),Number of own children in household,Has children,Household size,Monthly net pay (take-home),Personal income — administrative / derived (UKHLS),Highest qualification — administrative / derived (UKHLS),Mental health score (SF-12 MCS),Physical health score (SF-12 PCS),Buckner Neighbourhood Cohesion Index,Standard of local services: Public transport,Standard of local services: Shopping,Standard of local services: Leisure,Internet use frequency,Internet use frequency %,Minutes spent travelling to work,Environmental habit: public transport use,Miles driven in last 12 months,Has use of a car or van,Has use of a car or van %,Work location,Work location %,Main mode of transport to work,Main mode of transport to work %,Employment status,unit_id,la_name,cluster_level,group
Employed 1,385,45.1,Female,50,Christian,58,African,23,Yes,100,2.1,2476.0,3.1,0.2,0.2,3.7,1209.7,2086.10009765625,2.3,44.6,49.9,3.4,2.4,2.1,2.5,Every day,60,15.0,3.1,2987.0,Yes,68,Employer premises,46,-8.0,77,Employed: 100%,E09000001,City of London,LA,Employed
Employed 2,2548,47.7,Male,58,Not religious,58,White / Mixed,94,Yes,100,2.1,2932.9,3.6,0.0,0.0,2.1,1544.1,2139.199951171875,2.2,45.6,51.4,3.3,2.7,2.3,2.5,Every day,46,12.6,3.7,5384.8,Yes,78,Employer premises,51,-8.0,89,Employed: 100%,E09000001,City of London,LA,Employed
Employed 3,977,43.8,Male,60,Not religious,57,White / Mixed,85,Yes,100,2.0,3228.5,3.5,1.7,1.0,3.9,1650.5,2296.300048828125,2.0,44.8,52.8,3.5,2.9,2.3,2.4,Every day,51,11.3,4.2,6641.5,Yes,92,Employer premises,51,-8.0,88,Employed: 100%,E09000001,City of London,LA,Employed
Retired 1,1448,76.4,Male,50,Christian,63,White / Mixed,94,Yes,100,2.8,1988.5,0.1,0.0,0.0,1.7,4.6,1443.699951171875,3.0,49.5,42.0,3.7,2.8,2.3,2.5,Several times a week,45,-7.7,3.9,2986.4,Yes,81,-8.0,99,-8.0,100,Retired: 100%,E09000001,City of London,LA,Retired
Retired 2,6,65.0,Male,83,Not religious,67,White / Mixed,83,Yes,100,1.5,2158.2,0.0,1.3,1.0,3.7,0.0,,1.5,57.1,53.2,3.6,3.3,2.2,2.2,Several times a week,67,-8.0,4.0,3833.3,Yes,83,-8.0,100,-8.0,100,Retired: 100%,E09000001,City of London,LA,Retired
Unemployed,275,41.1,Male,60,Not religious,50,White / Mixed,69,Yes,100,2.9,627.2,0.1,0.2,0.2,2.9,11.6,1859.800048828125,3.3,36.5,44.7,3.2,2.4,2.3,2.6,Every day,52,-7.9,3.1,1020.5,No,60,-8.0,99,-8.0,100,Unemployed: 100%,E09000001,City of London,LA,Unemployed
Student,110,26.5,Female,51,Not religious,49,White / Mixed,65,Yes,100,2.9,1366.6,2.3,0.0,0.0,3.7,246.4,811.2999877929688,3.4,44.0,53.0,3.2,2.6,2.3,2.4,Every day,70,3.4,3.0,2910.5,Yes,60,-8.0,61,-8.0,96,Student / training: 100%,E09000001,City of London,LA,Student
On leave,128,42.5,Female,91,Christian,53,White / Mixed,72,Yes,100,2.9,1277.5,0.6,1.4,0.8,3.8,197.8,1704.0,3.1,40.2,48.1,3.4,2.9,2.3,2.5,Every day,55,-2.5,3.9,2750.7,Yes,79,-8.0,79,-8.0,93,On leave: 100%,E09000001,City of London,LA,On leave
Inactive,266,49.9,Male,56,Not religious,64,White / Mixed,91,Yes,100,3.2,1453.0,0.4,0.3,0.2,2.4,19.9,1034.199951171875,3.7,32.8,33.9,3.1,2.8,2.4,2.8,Every day,43,-6.5,3.9,1538.7,Yes,51,-8.0,95,-8.0,99,Inactive: 100%,E09000001,City of London,LA,Inactive
Employed 1,31174,48.1,Male,53,Not religious,48,White / Mixed,71,Yes,100,2.9,2557.2,3.8,0.0,0.0,2.8,1333.5,1926.0,3.4,45.5,50.5,3.4,2.8,2.3,2.5,Every day,46,12.8,3.6,4577.3,Yes,76,Employer premises,53,-8.0,86,Employed: 100%,E09000002,Barking and Dagenham,LA,Employed
Employed 2,23923,44.7,Male,55,Not religious,48,White / Mixed,72,Yes,100,2.6,3067.8,3.7,1.7,1.0,4.0,1593.0,2171.3,2.7,44.7,51.5,3.5,2.9,2.3,2.4,Every day,50,12.0,4.0,5956.6,Yes,89,Employer premises,52,-8.0,87,Employed: 100%,E09000002,Barking and Dagenham,LA,Employed
Retired 1,225,64.1,Male,97,Christian,75,White / Mixed,50,Yes,100,4.4,1717.0,0.0,1.3,1.0,3.4,0.0,2254.5,5.0,45.0,35.5,3.9,3.2,1.8,2.2,About once a week,43,-8.0,3.6,3256.0,Yes,66,-8.0,100,-8.0,100,Retired: 100%,E09000002,Barking and Dagenham,LA,Retired
Retired 2,15676,76.6,Female,54,Christian,64,White / Mixed,87,Yes,100,4.5,1717.7,0.1,0.0,0.0,1.9,7.0,1312.2,5.9,47.9,39.7,3.7,2.8,2.3,2.6,Several times a week,37,-7.8,3.9,2273.8,Yes,72,-8.0,99,-8.0,100,Retired: 100%,E09000002,Barking and Dagenham,LA,Retired
Unemployed,6480,44.5,Female,56,Christian,46,White / Mixed,45,Yes,100,4.2,823.2,0.1,0.5,0.3,3.7,7.5,1444.0,5.6,37.7,40.5,3.3,2.5,2.3,2.6,Every day,52,-7.8,3.1,910.2,No,66,-8.0,99,-8.0,100,Unemployed: 100%,E09000002,Barking and Dagenham,LA,Unemployed
Student,2703,25.9,Female,61,Not religious,43,White / Mixed,51,Yes,100,3.1,1168.4,2.0,0.1,0.1,3.6,242.2,845.8,4.3,43.6,54.4,3.2,2.5,2.2,2.5,Every day,61,1.2,2.7,1876.4,No,59,-8.0,67,-8.0,95,Student / training: 100%,E09000002,Barking and Dagenham,LA,Student
On leave,4313,45.7,Female,93,Christian,51,White / Mixed,55,Yes,100,4.1,1116.4,0.2,1.6,0.7,4.2,57.6,1400.5,4.7,37.2,41.4,3.4,2.9,2.3,2.6,Several times a week,47,-6.7,3.6,1700.4,Yes,65,-8.0,94,-8.0,99,On leave: 100%,E09000002,Barking and Dagenham,LA,On leave
Inactive,5959,50.8,Female,56,Not religious,55,White / Mixed,76,Yes,100,4.4,1395.1,0.2,0.5,0.3,3.0,40.4,1219.6,5.7,30.7,29.3,3.3,3.0,2.4,2.7,Several times a week,36,-7.2,4.1,1432.4,No,50,-8.0,96,-8.0,99,Inactive: 100%,E09000002,Barking and Dagenham,LA,Inactive
Employed 1,13276,44.6,Female,54,Christian,75,African,24,Yes,100,2.2,2707.2,2.9,0.3,0.2,4.0,1156.4,2225.9,2.4,45.9,50.8,3.3,2.5,2.2,2.5,Every day,66,11.8,3.2,2839.5,Yes,68,Employer premises,39,-8.0,79,Employed: 100%,E09000003,Barnet,LA,Employed
Employed 2,43145,45.7,Male,57,Not religious,54,White / Mixed,84,Yes,100,2.2,3197.9,3.6,1.7,1.0,4.0,1624.5,2231.5,2.3,45.6,52.6,3.5,2.9,2.3,2.4,Every day,47,10.5,4.1,6586.0,Yes,92,Employer premises,50,-8.0,88,Employed: 100%,E09000003,Barnet,LA,Employed
Employed 3,56428,50.5,Male,51,Not religious,55,White / Mixed,95,Yes,100,2.5,2829.2,3.8,0.0,0.0,2.5,1411.4,1997.6,2.7,46.4,51.3,3.4,2.8,2.3,2.5,Several times a week,46,11.7,3.8,5687.5,Yes,80,Employer premises,51,-8.0,89,Employed: 100%,E09000003,Barnet,LA,Employed
Employed 4,11763,47.4,Male,60,Muslim/Islam,53,Indian,56,Yes,100,2.5,2883.0,3.4,0.7,0.4,3.7,1375.5,2200.5,2.6,43.9,47.8,3.5,2.4,2.1,2.4,Every day,49,12.2,3.3,3547.7,Yes,75,Employer premises,45,-8.0,81,Employed: 100%,E09000003,Barnet,LA,Employed
Retired 1,41772,77.8,Female,55,Christian,63,White / Mixed,89,Yes,100,3.6,1828.7,0.1,0.0,0.0,2.0,7.6,1505.8,4.3,48.6,40.7,3.7,2.8,2.3,2.6,Several times a week,41,-7.8,3.9,2600.4,Yes,77,-8.0,99,-8.0,100,Retired: 100%,E09000003,Barnet,LA,Retired
Retired 2,480,69.3,Male,93,Christian,68,White / Mixed,62,Yes,100,3.2,2003.9,0.0,1.2,1.0,3.8,0.0,2503.2,3.8,47.0,45.4,4.1,2.7,1.8,2.2,Several times a week,42,-8.0,3.4,4878.4,Yes,67,-8.0,100,-8.0,100,Retired: 100%,E09000003,Barnet,LA,Retired
Unemployed,9937,46.0,Female,53,Christian,48,White / Mixed,44,Yes,100,3.6,785.4,0.1,0.5,0.3,3.7,11.3,1671.2,4.4,38.2,42.6,3.3,2.4,2.3,2.6,Every day,49,-7.7,3.1,1251.1,No,60,-8.0,99,-8.0,100,Unemployed: 100%,E09000003,Barnet,LA,Unemployed
Student,4432,27.1,Female,61,Not religious,44,White / Mixed,53,Yes,100,2.8,1264.2,2.0,0.1,0.1,3.7,231.1,865.5,3.7,43.5,54.2,3.2,2.5,2.3,2.5,Every day,66,2.3,2.7,1805.6,No,54,-8.0,67,-8.0,94,Student / training: 100%,E09000003,Barnet,LA,Student
On leave,6668,46.7,Female,92,Christian,54,White / Mixed,60,Yes,100,3.3,1054.2,0.3,1.4,0.7,4.1,75.9,1374.0,3.7,40.1,45.0,3.5,2.8,2.2,2.6,Several times a week,45,-6.3,3.8,2059.5,Yes,69,-8.0,91,-8.0,99,On leave: 100%,E09000003,Barnet,LA,On leave
Inactive,8552,51.1,Female,56,Not religious,55,White / Mixed,79,Yes,100,3.6,1380.4,0.3,0.4,0.2,2.9,63.3,1075.4,4.3,33.5,32.9,3.3,2.9,2.3,2.7,Every day,38,-6.6,4.0,1709.0,Yes,57,-8.0,94,-8.0,99,Inactive: 100%,E09000003,Barnet,LA,Inactive
Employed 1,5218,49.5,Female,59,Christian,62,African,41,Yes,100,2.5,2799.0,3.4,0.5,0.4,3.2,1364.8,2141.8,2.8,46.2,49.9,3.3,2.4,2.2,2.5,Every day,57,15.0,3.1,2642.8,Yes,70,Employer premises,48,-8.0,81,Employed: 100%,E09000004,Bexley,LA,Employed
Employed 2,41635,51.0,Female,51,Not religious,55,White / Mixed,92,Yes,100,3.1,2660.7,4.1,0.0,0.0,2.7,1409.2,1897.1,3.4,46.2,51.0,3.4,2.9,2.3,2.6,Several times a week,48,12.6,3.9,5427.9,Yes,83,Employer premises,56,-8.0,88,Employed: 100%,E09000004,Bexley,LA,Employed
Employed 3,33433,45.0,Male,53,Not religious,57,White / Mixed,90,Yes,100,2.6,3173.2,3.7,1.7,1.0,4.0,1665.4,2175.0,2.7,45.5,52.7,3.6,3.0,2.3,2.4,Several times a week,49,12.4,4.1,6555.7,Yes,92,Employer premises,55,-8.0,88,Employed: 100%,E09000004,Bexley,LA,Employed
Retired 1,2058,76.3,Female,56,Christian,31,Caribbean,27,Yes,100,4.4,1751.9,0.0,0.0,0.0,2.5,6.9,2475.5,5.8,46.7,38.5,3.6,2.6,2.3,2.6,Several times a week,29,-7.4,3.3,1195.3,Yes,63,-8.0,99,-8.0,100,Retired: 100%,E09000004,Bexley,LA,Retired
Retired 2,18427,80.6,Female,68,Christian,73,White / Mixed,99,Yes,100,5.3,1328.6,0.0,0.0,0.0,1.8,0.0,987.5,7.0,48.3,38.1,3.7,2.8,2.3,2.6,Several times a week,31,-8.0,4.0,1644.9,Yes,70,-8.0,100,-8.0,100,Retired: 100%,E09000004,Bexley,LA,Retired
Retired 3,10907,73.2,Male,67,Christian,64,White / Mixed,99,Yes,100,2.6,2304.2,0.2,0.0,0.0,2.0,18.6,1601.0,2.7,50.8,45.1,3.7,2.9,2.3,2.6,Several times a week,53,-7.5,4.0,4128.9,Yes,91,-8.0,97,-8.0,100,Retired: 100%,E09000004,Bexley,LA,Retired
Retired 4,376,67.0,Male,94,Christian,63,White / Mixed,65,Yes,100,3.8,1944.8,0.0,1.2,1.0,3.5,0.0,2433.3,4.6,46.9,40.6,4.1,2.9,1.8,2.3,About once a week,35,-8.0,3.6,4795.7,Yes,67,-8.0,100,-8.0,100,Retired: 100%,E09000004,Bexley,LA,Retired
Unemployed,5469,45.2,Female,57,Not religious,44,White / Mixed,60,Yes,100,4.0,793.0,0.1,0.5,0.3,3.4,21.5,1698.0,5.0,37.6,41.9,3.2,2.6,2.3,2.6,Every day,48,-7.7,3.4,1356.0,No,57,-8.0,99,-8.0,100,Unemployed: 100%,E09000004,Bexley,LA,Unemployed
Student,3343,25.6,Female,58,Not religious,59,White / Mixed,71,Yes,100,3.0,1232.7,2.3,0.1,0.0,3.5,259.0,830.4,4.3,42.4,55.9,3.2,2.6,2.3,2.5,Every day,64,3.2,2.9,2097.6,No,53,-8.0,61,-8.0,94,Student / training: 100%,E09000004,Bexley,LA,Student
On leave,4464,46.5,Female,92,Christian,48,White / Mixed,69,Yes,100,3.8,1067.6,0.3,1.5,0.7,4.0,70.1,1297.9,4.3,39.6,44.4,3.4,3.0,2.3,2.6,Several times a week,46,-6.3,3.8,2081.2,Yes,70,-8.0,92,-8.0,99,On leave: 100%,E09000004,Bexley,LA,On leave
Inactive,5694,51.8,Female,58,Not religious,56,White / Mixed,84,Yes,100,4.2,1385.5,0.3,0.4,0.2,2.9,58.4,1077.3,5.3,31.8,30.5,3.3,3.0,2.4,2.7,Several times a week,38,-6.6,4.1,1412.6,Yes,51,-8.0,94,-8.0,99,Inactive: 100%,E09000004,Bexley,LA,Inactive
Employed 1,59022,47.9,Male,55,Christian,44,White / Mixed,51,Yes,100,2.6,2613.9,3.6,0.0,0.0,3.1,1293.8,1972.5,2.8,45.5,50.2,3.3,2.6,2.2,2.5,Every day,48,12.3,3.4,4063.0,Yes,70,Employer premises,49,-8.0,84,Employed: 100%,E09000005,Brent,LA,Employed
Employed 2,37317,46.1,Male,61,Christian,47,White / Mixed,47,Yes,100,2.4,3044.5,3.6,1.7,1.0,4.2,1500.2,2231.2,2.4,45.2,50.6,3.5,2.7,2.2,2.4,Every day,55,11.1,3.9,5427.6,Yes,88,Employer premises,47,-8.0,87,Employed: 100%,E09000005,Brent,LA,Employed
Retired 1,25826,77.8,Female,53,Christian,57,White / Mixed,68,Yes,100,3.8,1748.8,0.1,0.0,0.0,2.2,4.9,1678.9,4.8,47.0,39.0,3.6,2.7,2.3,2.6,Several times a week,36,-7.9,3.8,2057.7,Yes,71,-8.0,99,-8.0,100,Retired: 100%,E09000005,Brent,LA,Retired
Retired 2,561,72.6,Male,98,Christian,88,Indian,46,Yes,100,4.7,1176.3,0.0,1.2,1.0,3.9,0.0,2342.9,6.2,49.5,42.4,4.4,2.1,1.4,2.1,About once a week,76,-8.0,3.0,1881.5,No,62,-8.0,100,-8.0,100,Retired: 100%,E09000005,Brent,LA,Retired
Unemployed,10742,46.9,Female,54,Christian,54,Pakistani / Bangladeshi,38,Yes,100,3.8,755.1,0.1,0.5,0.3,4.1,5.8,1452.4,4.8,38.8,41.8,3.4,2.3,2.3,2.5,Every day,50,-7.8,3.0,1050.7,No,62,-8.0,99,-8.0,100,Unemployed: 100%,E09000005,Brent,LA,Unemployed
Student,4114,26.9,Female,60,Christian,48,Pakistani / Bangladeshi,33,Yes,100,3.0,1169.9,1.6,0.1,0.1,3.9,197.6,821.2,3.8,44.8,52.4,3.2,2.4,2.2,2.5,Every day,66,-0.5,2.7,1586.0,No,59,-8.0,73,-8.0,95,Student / training: 100%,E09000005,Brent,LA,Student
On leave,5701,46.8,Female,92,Christian,64,White / Mixed,35,Yes,100,3.6,1043.7,0.2,1.4,0.7,4.3,58.9,1548.9,4.1,38.9,42.7,3.5,2.7,2.2,2.5,Every day,49,-7.0,3.6,1365.0,Yes,64,-8.0,94,-8.0,99,On leave: 100%,E09000005,Brent,LA,On leave
Inactive,7013,50.6,Female,53,Not religious,47,White / Mixed,60,Yes,100,3.8,1355.8,0.4,0.4,0.2,3.2,77.0,1138.9,4.7,32.6,32.8,3.2,2.9,2.3,2.6,Several times a week,36,-6.5,4.0,1617.2,Yes,55,-8.0,94,-8.0,99,Inactive: 100%,E09000005,Brent,LA,Inactive
Employed 1,5108,47.9,Male,53,Muslim/Islam,45,Indian,48,Yes,100,2.5,2925.2,3.4,0.7,0.4,3.6,1348.1,2100.8,2.6,44.1,48.5,3.5,2.6,2.2,2.4,Every day,48,12.1,3.5,3546.3,Yes,80,Employer premises,49,-8.0,84,Employed: 100%,E09000006,Bromley,LA,Employed
Employed 2,60371,51.9,Female,52,Not religious,54,White / Mixed,91,Yes,100,2.7,2812.6,3.9,0.0,0.0,2.6,1438.8,1988.2,3.0,46.6,51.2,3.4,2.8,2.3,2.5,Several times a week,48,12.5,3.8,5564.7,Yes,83,Employer premises,53,-8.0,88,Employed: 100%,E09000006,Bromley,LA,Employed
Employed 3,44591,45.9,Male,51,Not religious,56,White / Mixed,90,Yes,100,2.3,3279.7,3.6,1.7,1.0,3.9,1719.0,2244.8,2.4,45.8,53.1,3.6,3.0,2.3,2.4,Several times a week,50,12.2,4.1,6591.9,Yes,92,Employer premises,53,-8.0,88,Employed: 100%,E09000006,Bromley,LA,Employed
Retired 1,45672,77.6,Female,55,Christian,66,White / Mixed,95,Yes,100,3.9,1784.2,0.1,0.0,0.0,1.9,6.7,1474.8,4.7,49.2,41.2,3.7,2.8,2.3,2.6,Several times a week,40,-7.8,4.0,2631.3,Yes,79,-8.0,99,-8.0,100,Retired: 100%,E09000006,Bromley,LA,Retired
Retired 2,498,66.9,Male,91,Christian,53,White / Mixed,80,Yes,100,3.0,2367.9,0.0,1.1,1.0,3.6,0.0,2288.0,3.6,48.3,44.1,4.0,3.0,1.9,2.3,Several times a week,47,-8.0,3.8,6121.3,Yes,80,-8.0,100,-8.0,100,Retired: 100%,E09000006,Bromley,LA,Retired
Unemployed,6591,45.9,Female,56,Not religious,46,White / Mixed,64,Yes,100,3.8,778.4,0.1,0.5,0.3,3.3,26.8,1902.2,4.7,37.4,41.9,3.2,2.6,2.4,2.6,Every day,47,-7.6,3.4,1478.9,No,57,-8.0,99,-8.0,100,Unemployed: 100%,E09000006,Bromley,LA,Unemployed
Student,3502,26.7,Female,56,Not religious,60,White / Mixed,76,Yes,100,2.8,1248.8,2.3,0.1,0.1,3.4,267.3,894.6,4.0,42.4,55.9,3.3,2.6,2.3,2.5,Every day,64,3.2,2.9,2327.0,No,50,-8.0,63,-8.0,93,Student / training: 100%,E09000006,Bromley,LA,Student
On leave,5671,47.3,Female,92,Christian,46,White / Mixed,74,Yes,100,3.5,1079.8,0.3,1.3,0.7,3.9,82.7,1468.9,3.9,40.2,45.5,3.5,2.9,2.3,2.6,Several times a week,46,-6.1,3.8,2297.0,Yes,72,-8.0,91,-8.0,99,On leave: 100%,E09000006,Bromley,LA,On leave
Inactive,7494,52.7,Female,59,Not religious,55,White / Mixed,86,Yes,100,4.0,1387.3,0.4,0.4,0.2,2.7,56.6,1075.9,4.8,32.3,30.8,3.3,3.0,2.4,2.7,Several times a week,38,-6.4,4.0,1541.0,Yes,53,-8.0,93,-8.0,99,Inactive: 100%,E09000006,Bromley,LA,Inactive
Employed 1,62868,45.9,Male,54,Not religious,50,White / Mixed,77,Yes,100,2.3,2759.9,3.5,0.0,0.0,2.6,1423.6,2060.4,2.4,45.2,51.2,3.3,2.7,2.3,2.6,Every day,50,12.7,3.5,4724.6,Yes,72,Employer premises,50,-8.0,87,Employed: 100%,E09000007,Camden,LA,Employed
Employed 2,27220,44.2,Male,55,Not religious,51,White / Mixed,77,Yes,100,2.1,3160.6,3.5,1.6,1.0,3.9,1626.0,2183.6,2.2,44.8,52.0,3.5,2.8,2.3,2.4,Every day,52,11.5,4.0,6196.0,Yes,89,Employer premises,50,-8.0,88,Employed: 100%,E09000007,Camden,LA,Employed
Retired 1,25246,77.2,Female,53,Christian,63,White / Mixed,92,Yes,100,3.3,1870.4,0.1,0.0,0.0,1.8,7.9,1233.7,4.0,48.5,40.3,3.7,2.8,2.3,2.6,Several times a week,42,-7.8,3.9,2609.7,Yes,75,-8.0,99,-8.0,100,Retired: 100%,E09000007,Camden,LA,Retired
Retired 2,135,62.2,Male,95,Christian,67,White / Mixed,66,Yes,100,3.1,1855.4,0.0,1.3,1.0,3.6,0.0,2514.3,3.5,42.2,37.1,3.8,3.4,1.8,2.2,Several times a week,33,-8.0,3.5,4408.1,Yes,68,-8.0,100,-8.0,100,Retired: 100%,E09000007,Camden,LA,Retired
Unemployed,8095,43.8,Female,50,Christian,45,White / Mixed,55,Yes,100,3.5,742.2,0.1,0.4,0.2,3.5,10.7,1659.7,4.2,36.5,41.6,3.2,2.4,2.3,2.5,Every day,50,-7.6,2.9,991.1,No,66,-8.0,99,-8.0,100,Unemployed: 100%,E09000007,Camden,LA,Unemployed
Student,3162,27.4,Female,56,Not religious,47,White / Mixed,59,Yes,100,2.7,1348.2,2.0,0.1,0.0,3.7,253.2,923.9,3.4,42.5,53.8,3.2,2.6,2.2,2.5,Every day,68,2.5,2.7,2149.2,No,50,-8.0,66,-8.0,94,Student / training: 100%,E09000007,Camden,LA,Student
On leave,4330,44.7,Female,92,Christian,47,White / Mixed,69,Yes,100,3.1,1245.6,0.4,1.4,0.7,3.8,129.1,1581.4,3.5,40.3,45.6,3.4,2.8,2.4,2.6,Every day,50,-5.5,3.8,2319.7,Yes,67,-8.0,87,-8.0,98,On leave: 100%,E09000007,Camden,LA,On leave
Inactive,8507,49.7,Female,50,Not religious,63,White / Mixed,84,Yes,100,3.5,1366.9,0.2,0.3,0.2,2.6,32.7,1146.9,4.1,32.4,33.0,3.2,2.8,2.3,2.7,Every day,41,-7.2,3.9,1509.3,Yes,51,-8.0,97,-8.0,99,Inactive: 100%,E09000007,Camden,LA,Inactive
Employed 1,47760,45.9,Male,54,Not religious,46,White / Mixed,69,Yes,100,2.4,3190.1,3.6,1.7,1.0,4.0,1643.3,2228.7,2.4,45.3,51.9,3.5,2.9,2.3,2.4,Every day,49,12.3,4.0,5791.9,Yes,90,Employer premises,51,-8.0,87,Employed: 100%,E09000008,Croydon,LA,Employed
Employed 2,69199,50.7,Male,50,Christian,44,White / Mixed,68,Yes,100,2.7,2737.5,3.8,0.0,0.0,2.7,1397.6,1987.1,2.9,46.3,50.6,3.4,2.7,2.3,2.5,Several times a week,45,13.1,3.6,4741.6,Yes,77,Employer premises,53,-8.0,86,Employed: 100%,E09000008,Croydon,LA,Employed
Retired 1,39214,77.5,Female,54,Christian,63,White / Mixed,85,Yes,100,3.9,1786.1,0.1,0.0,0.0,2.0,8.0,1481.2,4.8,48.8,40.7,3.7,2.7,2.3,2.6,Several times a week,39,-7.8,3.8,2410.6,Yes,75,-8.0,99,-8.0,100,Retired: 100%,E09000008,Croydon,LA,Retired
Retired 2,623,68.0,Male,94,Christian,75,White / Mixed,48,Yes,100,3.9,1677.1,0.0,1.2,1.0,3.8,0.0,2472.7,4.3,48.6,42.8,4.1,2.8,1.7,2.2,About once a week,51,-8.0,3.5,3676.8,Yes,62,-8.0,100,-8.0,100,Retired: 100%,E09000008,Croydon,LA,Retired
Unemployed,10104,46.4,Female,56,Christian,48,White / Mixed,40,Yes,100,3.8,800.7,0.1,0.5,0.3,3.6,10.4,1705.1,4.7,38.7,42.1,3.3,2.5,2.3,2.6,Every day,49,-7.7,3.2,1132.2,No,61,-8.0,99,-8.0,100,Unemployed: 100%,E09000008,Croydon,LA,Unemployed
Student,4332,26.4,Female,63,Christian,41,White / Mixed,49,Yes,100,3.0,1221.9,2.1,0.1,0.1,3.6,264.3,888.3,4.0,43.5,53.7,3.2,2.4,2.2,2.5,Every day,62,1.7,2.7,1830.1,No,59,-8.0,66,-8.0,94,Student / training: 100%,E09000008,Croydon,LA,Student
On leave,6721,46.0,Female,92,Christian,56,White / Mixed,52,Yes,100,3.6,1099.1,0.3,1.5,0.7,4.0,74.9,1411.7,4.0,37.9,42.5,3.5,2.9,2.2,2.6,Every day,46,-6.2,3.6,1781.2,Yes,69,-8.0,92,-8.0,99,On leave: 100%,E09000008,Croydon,LA,On leave
Inactive,8561,52.0,Female,57,Not religious,49,White / Mixed,71,Yes,100,4.0,1396.0,0.4,0.4,0.2,2.9,62.8,1056.3,4.8,32.8,31.6,3.3,2.9,2.3,2.7,Several times a week,39,-6.5,3.9,1651.2,Yes,52,-8.0,93,-8.0,99,Inactive: 100%,E09000008,Croydon,LA,Inactive
Employed 1,65742,49.2,Male,53,Christian,44,White / Mixed,61,Yes,100,2.5,2715.3,3.6,0.0,0.0,2.9,1360.7,2001.9,2.7,45.7,50.5,3.4,2.7,2.3,2.5,Every day,45,12.5,3.5,4540.8,Yes,74,Employer premises,50,-8.0,85,Employed: 100%,E09000009,Ealing,LA,Employed
Employed 2,44055,46.2,Male,57,Christian,45,White / Mixed,59,Yes,100,2.3,3138.5,3.6,1.7,1.0,4.1,1578.7,2237.4,2.4,45.3,51.2,3.5,2.8,2.2,2.4,Every day,52,11.4,3.9,5780.3,Yes,89,Employer premises,50,-8.0,87,Employed: 100%,E09000009,Ealing,LA,Employed
Retired 1,3803,75.8,Male,66,Christian,52,Caribbean,24,Yes,100,3.9,1297.3,0.0,0.2,0.1,4.0,1.1,3474.8,5.3,42.8,36.2,3.7,2.6,2.1,2.4,Every day,30,-7.9,3.4,974.4,Yes,57,-8.0,100,-8.0,100,Retired: 100%,E09000009,Ealing,LA,Retired
Retired 2,26907,77.9,Female,56,Christian,60,White / Mixed,86,Yes,100,3.5,1887.6,0.1,0.0,0.0,1.9,7.8,1375.2,4.3,48.5,40.7,3.7,2.7,2.3,2.6,Several times a week,39,-7.8,3.9,2546.2,Yes,75,-8.0,99,-8.0,100,Retired: 100%,E09000009,Ealing,LA,Retired
Unemployed,10176,46.9,Female,54,Christian,52,Pakistani / Bangladeshi,38,Yes,100,3.7,757.4,0.1,0.5,0.3,4.0,4.7,1589.2,4.6,38.8,42.1,3.4,2.3,2.3,2.5,Every day,47,-7.9,3.1,1111.1,No,61,-8.0,99,-8.0,100,Unemployed: 100%,E09000009,Ealing,LA,Unemployed
Student,4030,27.2,Female,59,Christian,43,White / Mixed,36,Yes,100,2.9,1205.8,1.8,0.1,0.1,3.8,207.1,824.0,3.7,43.9,53.0,3.2,2.5,2.3,2.5,Every day,65,0.7,2.8,1813.0,No,53,-8.0,70,-8.0,95,Student / training: 100%,E09000009,Ealing,LA,Student
On leave,6078,47.1,Female,93,Christian,61,White / Mixed,43,Yes,100,3.5,992.9,0.2,1.4,0.7,4.3,55.6,1347.1,3.9,40.6,45.2,3.5,2.7,2.2,2.5,Every day,46,-6.8,3.7,1664.6,Yes,66,-8.0,93,-8.0,99,On leave: 100%,E09000009,Ealing,LA,On leave
Inactive,7353,51.0,Female,54,Not religious,50,White / Mixed,67,Yes,100,3.6,1365.7,0.4,0.4,0.2,3.1,71.5,1147.7,4.4,33.4,33.0,3.3,2.9,2.3,2.6,Several times a week,37,-6.5,4.0,1585.8,Yes,56,-8.0,94,-8.0,99,Inactive: 100%,E09000009,Ealing,LA,Inactive
Employed 1,43315,45.7,Male,55,Not religious,49,White / Mixed,74,Yes,100,2.5,3198.1,3.6,1.7,1.0,4.0,1637.0,2235.2,2.6,45.4,52.2,3.5,2.9,2.3,2.4,Every day,49,12.1,4.0,5970.2,Yes,90,Employer premises,51,-8.0,87,Employed: 100%,E09000010,Enfield,LA,Employed
Employed 2,56922,49.8,Male,52,Not religious,46,White / Mixed,73,Yes,100,2.7,2684.5,3.8,0.0,0.0,2.8,1342.7,1963.7,3.0,46.1,50.8,3.4,2.7,2.3,2.5,Every day,45,12.5,3.6,4895.0,Yes,77,Employer premises,52,-8.0,86,Employed: 100%,E09000010,Enfield,LA,Employed
Retired 1,30296,77.6,Female,55,Christian,66,White / Mixed,97,Yes,100,4.0,1732.3,0.1,0.0,0.0,1.9,7.4,1423.1,5.1,48.7,40.4,3.7,2.8,2.3,2.6,Several times a week,40,-7.8,4.0,2610.6,Yes,78,-8.0,99,-8.0,100,Retired: 100%,E09000010,Enfield,LA,Retired
Retired 2,3723,75.1,Male,52,Christian,45,Caribbean,45,Yes,100,4.5,1880.2,0.0,0.2,0.1,2.8,2.0,3074.9,6.0,46.7,38.5,3.7,2.6,2.1,2.5,Every day,30,-7.8,3.1,1237.8,Yes,55,-8.0,100,-8.0,100,Retired: 100%,E09000010,Enfield,LA,Retired
Unemployed,9737,46.2,Female,56,Christian,49,White / Mixed,43,Yes,100,4.0,844.9,0.1,0.5,0.3,3.6,8.6,1662.0,5.2,38.9,42.2,3.3,2.4,2.3,2.6,Every day,53,-7.8,3.1,1198.0,No,63,-8.0,99,-8.0,100,Unemployed: 100%,E09000010,Enfield,LA,Unemployed
Student,4446,26.3,Female,63,Not religious,44,White / Mixed,53,Yes,100,3.0,1247.8,2.0,0.1,0.0,3.5,252.1,853.4,4.1,44.1,54.3,3.2,2.4,2.2,2.4,Every day,61,2.2,2.6,1680.4,No,60,-8.0,67,-8.0,95,Student / training: 100%,E09000010,Enfield,LA,Student
On leave,6443,45.8,Female,92,Christian,56,White / Mixed,57,Yes,100,3.7,1104.3,0.3,1.6,0.7,4.1,67.8,1405.2,4.1,36.8,41.7,3.4,2.9,2.3,2.6,Several times a week,47,-6.5,3.7,1985.8,Yes,72,-8.0,93,-8.0,99,On leave: 100%,E09000010,Enfield,LA,On leave
Inactive,8137,51.4,Female,56,Not religious,54,White / Mixed,79,Yes,100,4.1,1415.6,0.3,0.4,0.2,2.9,65.4,1139.1,5.2,32.2,31.2,3.3,3.0,2.4,2.7,Several times a week,37,-6.7,4.0,1648.9,Yes,53,-8.0,94,-8.0,99,Inactive: 100%,E09000010,Enfield,LA,Inactive
Employed 1,49042,48.4,Male,54,Not religious,48,White / Mixed,73,Yes,100,2.6,2713.8,3.7,0.0,0.0,2.7,1419.0,2005.0,2.9,45.9,50.9,3.3,2.7,2.3,2.5,Every day,46,13.1,3.6,4670.7,Yes,75,Employer premises,52,-8.0,86,Employed: 100%,E09000011,Greenwich,LA,Employed
Employed 2,32087,45.2,Male,57,Not religious,50,White / Mixed,74,Yes,100,2.4,3187.4,3.6,1.7,1.0,4.0,1656.6,2235.6,2.5,45.3,52.1,3.5,2.9,2.3,2.4,Every day,50,12.5,4.0,6043.2,Yes,89,Employer premises,52,-8.0,87,Employed: 100%,E09000011,Greenwich,LA,Employed
Retired 1,22455,76.8,Female,52,Christian,62,White / Mixed,89,Yes,100,4.0,1796.9,0.1,0.0,0.0,1.9,6.3,1433.2,5.1,48.5,40.5,3.7,2.7,2.3,2.6,Several times a week,39,-7.8,3.8,2451.0,Yes,73,-8.0,99,-8.0,100,Retired: 100%,E09000011,Greenwich,LA,Retired
Retired 2,314,66.3,Male,93,Christian,75,White / Mixed,55,Yes,100,3.7,1793.7,0.0,1.3,1.0,3.6,0.0,2276.9,4.1,48.5,40.5,3.9,3.0,1.9,2.2,About once a week,43,-8.0,3.9,3767.0,Yes,65,-8.0,100,-8.0,100,Retired: 100%,E09000011,Greenwich,LA,Retired
Unemployed,8096,45.6,Female,53,Christian,48,White / Mixed,48,Yes,100,3.9,785.1,0.1,0.5,0.3,3.6,10.8,1647.1,5.1,36.9,40.7,3.3,2.4,2.3,2.5,Every day,52,-7.7,3.1,1032.3,No,65,-8.0,99,-8.0,100,Unemployed: 100%,E09000011,Greenwich,LA,Unemployed
Student,2784,26.9,Female,60,Not religious,44,White / Mixed,55,Yes,100,2.9,1306.9,2.0,0.1,0.1,3.5,264.5,855.9,3.8,44.0,54.4,3.2,2.4,2.2,2.5,Every day,60,1.4,2.7,2363.8,No,57,-8.0,68,-8.0,95,Student / training: 100%,E09000011,Greenwich,LA,Student
On leave,4808,45.4,Female,92,Christian,51,White / Mixed,58,Yes,100,3.6,1197.9,0.3,1.5,0.7,4.0,90.1,1484.1,4.2,38.4,42.8,3.4,2.8,2.3,2.6,Every day,47,-6.2,3.6,1867.2,Yes,66,-8.0,91,-8.0,99,On leave: 100%,E09000011,Greenwich,LA,On leave
Inactive,7486,51.1,Female,53,Not religious,56,White / Mixed,80,Yes,100,4.1,1397.3,0.3,0.4,0.2,2.8,37.9,1137.3,5.1,31.3,30.1,3.2,2.9,2.3,2.7,Several times a week,35,-7.0,4.0,1349.4,No,51,-8.0,96,-8.0,99,Inactive: 100%,E09000011,Greenwich,LA,Inactive
Employed 1,28795,44.5,Male,54,Not religious,49,White / Mixed,69,Yes,100,2.3,3089.5,3.6,1.7,1.0,3.9,1599.3,2156.6,2.4,45.0,51.9,3.4,2.8,2.2,2.4,Every day,54,12.1,4.0,5788.9,Yes,87,Employer premises,50,-8.0,87,Employed: 100%,E09000012,Hackney,LA,Employed
Employed 2,55458,45.7,Male,54,Not religious,48,White / Mixed,69,Yes,100,2.4,2663.2,3.5,0.0,0.0,2.7,1380.3,2069.6,2.6,45.3,51.2,3.2,2.6,2.3,2.5,Every day,51,12.6,3.4,4268.1,Yes,69,Employer premises,49,-8.0,86,Employed: 100%,E09000012,Hackney,LA,Employed
Retired 1,2499,76.8,Male,56,Christian,43,Caribbean,49,Yes,100,4.3,1893.9,0.0,0.1,0.1,2.3,0.7,2173.8,5.9,47.0,37.5,3.6,2.3,2.1,2.3,Every day,31,-7.9,3.0,570.5,No,60,-8.0,100,-8.0,100,Retired: 100%,E09000012,Hackney,LA,Retired
Retired 2,13373,76.7,Female,54,Christian,63,White / Mixed,97,Yes,100,4.0,1743.9,0.1,0.0,0.0,1.8,7.8,1311.6,5.2,47.9,39.7,3.7,2.7,2.3,2.6,Several times a week,40,-7.8,3.9,2403.5,Yes,72,-8.0,99,-8.0,100,Retired: 100%,E09000012,Hackney,LA,Retired
Unemployed,9467,45.6,Female,52,Christian,51,White / Mixed,48,Yes,100,3.9,784.1,0.1,0.5,0.3,3.5,5.8,1647.3,5.1,36.9,40.8,3.3,2.4,2.3,2.5,Every day,55,-7.6,2.9,914.0,No,69,-8.0,99,-8.0,100,Unemployed: 100%,E09000012,Hackney,LA,Unemployed
Student,2560,27.9,Female,65,Christian,45,White / Mixed,49,Yes,100,2.9,1337.3,1.8,0.1,0.1,3.5,241.9,861.6,3.6,43.7,53.9,3.1,2.4,2.2,2.5,Every day,62,1.2,2.5,2615.5,No,57,-8.0,71,-8.0,96,Student / training: 100%,E09000012,Hackney,LA,Student
On leave,5424,43.4,Female,94,Christian,51,White / Mixed,58,Yes,100,3.4,1364.2,0.4,1.5,0.7,3.9,136.1,1557.6,3.7,38.3,42.6,3.4,2.8,2.4,2.7,Every day,52,-5.9,3.6,1813.3,Yes,67,-8.0,86,-8.0,98,On leave: 100%,E09000012,Hackney,LA,On leave
Inactive,8720,49.2,Male,50,Not religious,63,White / Mixed,81,Yes,100,3.9,1408.5,0.2,0.3,0.2,2.6,32.6,1212.4,4.9,31.6,32.2,3.2,2.8,2.3,2.7,Every day,36,-7.2,3.9,1481.1,No,51,-8.0,96,-8.0,99,Inactive: 100%,E09000012,Hackney,LA,Inactive
Employed 1,45191,46.9,Male,51,Not religious,49,White / Mixed,80,Yes,100,2.2,2840.4,3.5,0.0,0.0,2.5,1479.9,2115.7,2.3,45.8,51.7,3.3,2.6,2.2,2.5,Every day,48,13.0,3.4,4586.9,Yes,69,Employer premises,50,-8.0,87,Employed: 100%,E09000013,Hammersmith and Fulham,LA,Employed
Employed 2,19449,45.2,Male,53,Not religious,51,White / Mixed,78,Yes,100,2.0,3259.0,3.5,1.6,1.0,3.9,1701.9,2223.7,2.1,45.4,52.4,3.5,2.8,2.3,2.4,Every day,50,11.8,4.0,6297.8,Yes,89,Employer premises,51,-8.0,87,Employed: 100%,E09000013,Hammersmith and Fulham,LA,Employed
Retired 1,13121,77.2,Female,58,Christian,62,White / Mixed,97,Yes,100,3.3,1886.4,0.1,0.0,0.0,1.8,11.0,1342.7,4.0,49.1,41.6,3.7,2.7,2.3,2.6,Several times a week,43,-7.7,3.8,2698.6,Yes,76,-8.0,98,-8.0,100,Retired: 100%,E09000013,Hammersmith and Fulham,LA,Retired
Retired 2,1107,77.0,Male,67,Christian,42,Caribbean,33,Yes,100,3.3,1396.7,0.0,0.2,0.1,2.6,0.8,2138.9,4.1,44.2,37.1,3.6,2.4,2.1,2.3,Every day,32,-7.9,3.3,1103.7,Yes,54,-8.0,100,-8.0,100,Retired: 100%,E09000013,Hammersmith and Fulham,LA,Retired
Unemployed,5097,45.4,Male,51,Christian,49,White / Mixed,63,Yes,100,3.4,716.0,0.1,0.4,0.2,3.1,8.4,1687.0,4.1,37.0,42.9,3.2,2.3,2.3,2.5,Every day,52,-7.7,2.9,1115.3,No,61,-8.0,99,-8.0,100,Unemployed: 100%,E09000013,Hammersmith and Fulham,LA,Unemployed
Student,1441,28.7,Female,57,Christian,44,White / Mixed,62,Yes,100,2.6,1498.5,1.9,0.1,0.1,3.2,267.8,1006.9,3.2,43.9,54.2,3.1,2.4,2.1,2.3,Every day,62,1.4,2.7,2581.2,Yes,51,-8.0,71,-8.0,94,Student / training: 100%,E09000013,Hammersmith and Fulham,LA,Student
On leave,2859,44.7,Female,92,Christian,48,White / Mixed,69,Yes,100,3.0,1294.1,0.5,1.4,0.7,3.8,147.4,1542.4,3.3,40.4,45.6,3.4,2.8,2.4,2.6,Every day,52,-5.4,3.6,2072.2,Yes,65,-8.0,86,-8.0,98,On leave: 100%,E09000013,Hammersmith and Fulham,LA,On leave
Inactive,5055,50.5,Male,51,Not religious,64,White / Mixed,88,Yes,100,3.4,1465.7,0.3,0.3,0.2,2.5,37.8,1171.4,4.1,33.9,34.5,3.2,2.8,2.3,2.7,Every day,42,-6.9,3.9,1717.1,Yes,52,-8.0,96,-8.0,99,Inactive: 100%,E09000013,Hammersmith and Fulham,LA,Inactive
Employed 1,28414,45.4,Male,57,Not religious,52,White / Mixed,80,Yes,100,2.2,3293.9,3.6,1.7,1.0,3.9,1676.8,2268.9,2.3,45.5,52.4,3.5,2.8,2.3,2.4,Every day,51,11.4,4.0,6384.1,Yes,90,Employer premises,50,-8.0,88,Employed: 100%,E09000014,Haringey,LA,Employed
Employed 2,43350,48.9,Male,56,Not religious,57,White / Mixed,95,Yes,100,2.4,2927.2,3.9,0.0,0.0,2.3,1540.3,2057.0,2.5,46.0,51.5,3.3,2.7,2.3,2.5,Several times a week,46,13.4,3.6,5413.8,Yes,75,Employer premises,53,-8.0,88,Employed: 100%,E09000014,Haringey,LA,Employed
Employed 3,14746,45.6,Male,51,Christian,57,African,25,Yes,100,2.5,2225.4,2.7,0.1,0.1,3.7,969.3,2016.0,2.9,44.3,50.2,3.3,2.5,2.2,2.5,Every day,56,10.2,3.0,2380.1,Yes,65,Employer premises,40,-8.0,80,Employed: 100%,E09000014,Haringey,LA,Employed
Retired 1,21290,76.9,Female,55,Christian,61,White / Mixed,87,Yes,100,3.7,1837.5,0.1,0.0,0.0,1.9,8.6,1407.7,4.7,48.5,40.5,3.7,2.7,2.3,2.6,Several times a week,42,-7.8,3.8,2472.5,Yes,74,-8.0,99,-8.0,100,Retired: 100%,E09000014,Haringey,LA,Retired
Retired 2,269,67.3,Male,96,Christian,71,White / Mixed,59,Yes,100,3.4,1924.2,0.0,1.2,1.0,3.7,0.0,2428.6,3.5,48.3,44.6,4.0,3.2,2.0,2.2,About once a week,43,-8.0,4.1,4709.1,Yes,75,-8.0,100,-8.0,100,Retired: 100%,E09000014,Haringey,LA,Retired
Unemployed,8322,47.0,Female,50,Christian,52,White / Mixed,50,Yes,100,3.8,771.1,0.1,0.4,0.3,3.5,4.0,1791.8,4.9,37.4,41.8,3.3,2.3,2.3,2.5,Every day,52,-7.8,3.0,1127.1,No,65,-8.0,99,-8.0,100,Unemployed: 100%,E09000014,Haringey,LA,Unemployed
Student,2587,27.6,Female,66,Christian,45,White / Mixed,50,Yes,100,2.9,1311.4,1.7,0.1,0.1,3.4,235.2,896.0,3.7,45.2,53.8,3.1,2.3,2.1,2.4,Every day,60,0.6,2.5,2020.8,No,60,-8.0,72,-8.0,96,Student / training: 100%,E09000014,Haringey,LA,Student
On leave,4677,45.2,Female,92,Christian,52,White / Mixed,61,Yes,100,3.5,1260.7,0.3,1.5,0.7,3.9,96.1,1479.7,3.8,36.9,41.8,3.4,2.9,2.3,2.6,Every day,49,-6.0,3.6,1947.6,Yes,68,-8.0,90,-8.0,98,On leave: 100%,E09000014,Haringey,LA,On leave
Inactive,7447,50.4,Male,53,Not religious,61,White / Mixed,83,Yes,100,3.7,1373.0,0.3,0.3,0.2,2.7,40.3,1132.7,4.7,32.2,33.4,3.2,2.9,2.4,2.7,Every day,36,-7.1,4.0,1732.4,Yes,53,-8.0,96,-8.0,99,Inactive: 100%,E09000014,Haringey,LA,Inactive
Employed 1,42605,49.7,Male,52,Christian,44,White / Mixed,52,Yes,100,2.6,2672.9,3.6,0.0,0.0,3.2,1315.1,1963.1,2.8,45.7,50.0,3.4,2.7,2.3,2.5,Every day,46,11.8,3.6,4442.3,Yes,77,Employer premises,50,-8.0,84,Employed: 100%,E09000015,Harrow,LA,Employed
Employed 2,34262,46.4,Male,58,Christian,47,White / Mixed,49,Yes,100,2.3,3105.9,3.5,1.7,1.0,4.2,1527.3,2282.3,2.3,45.5,50.5,3.6,2.8,2.2,2.4,Every day,53,10.8,3.9,5622.4,Yes,90,Employer premises,48,-8.0,88,Employed: 100%,E09000015,Harrow,LA,Employed
Retired 1,22990,78.5,Female,55,Christian,61,White / Mixed,83,Yes,100,3.6,1832.7,0.1,0.0,0.0,2.0,6.1,1508.5,4.4,48.4,40.4,3.7,2.7,2.3,2.6,Several times a week,38,-7.8,3.9,2504.4,Yes,78,-8.0,99,-8.0,100,Retired: 100%,E09000015,Harrow,LA,Retired
Retired 2,3382,75.5,Male,62,Christian,54,Pakistani / Bangladeshi,28,Yes,100,4.0,1436.0,0.0,0.2,0.2,4.2,1.5,4258.3,5.5,43.1,36.1,3.8,2.6,2.1,2.4,Every day,27,-7.9,3.4,964.7,Yes,53,-8.0,100,-8.0,100,Retired: 100%,E09000015,Harrow,LA,Retired
Unemployed,6968,46.6,Female,55,Christian,49,Pakistani / Bangladeshi,46,Yes,100,3.7,737.0,0.1,0.6,0.3,4.2,7.1,1579.2,4.5,38.8,41.4,3.4,2.4,2.3,2.6,Every day,47,-7.8,3.2,1139.4,No,57,-8.0,99,-8.0,100,Unemployed: 100%,E09000015,Harrow,LA,Unemployed
Student,3526,26.3,Female,58,Christian,42,Pakistani / Bangladeshi,37,Yes,100,3.0,1180.8,1.9,0.1,0.1,4.0,196.7,859.2,3.9,43.8,52.7,3.3,2.5,2.3,2.6,Every day,66,0.5,2.9,1430.0,No,55,-8.0,68,-8.0,93,Student / training: 100%,E09000015,Harrow,LA,Student
On leave,4289,47.8,Female,91,Christian,62,Pakistani / Bangladeshi,42,Yes,100,3.6,939.1,0.2,1.4,0.7,4.4,45.5,1475.3,4.0,41.7,45.1,3.6,2.7,2.1,2.5,Every day,46,-7.0,3.8,1445.8,Yes,66,-8.0,95,-8.0,99,On leave: 100%,E09000015,Harrow,LA,On leave
Inactive,4502,50.9,Female,59,Not religious,42,White / Mixed,55,Yes,100,3.7,1312.0,0.5,0.4,0.2,3.3,110.1,1010.8,4.5,32.8,32.4,3.3,2.9,2.3,2.6,Several times a week,36,-5.9,4.1,1487.3,Yes,58,-8.0,91,-8.0,99,Inactive: 100%,E09000015,Harrow,LA,Inactive
Employed 1,45408,51.0,Female,52,Not religious,54,White / Mixed,89,Yes,100,3.1,2610.0,4.1,0.0,0.0,2.7,1357.9,1878.2,3.5,46.2,50.9,3.4,2.9,2.3,2.5,Several times a week,47,12.2,3.9,5227.3,Yes,82,Employer premises,55,-8.0,88,Employed: 100%,E09000016,Havering,LA,Employed
Employed 2,35900,45.1,Male,53,Not religious,56,White / Mixed,88,Yes,100,2.7,3128.7,3.7,1.7,1.0,3.9,1626.0,2144.2,2.8,45.5,52.6,3.6,3.0,2.3,2.4,Several times a week,48,12.3,4.1,6433.4,Yes,92,Employer premises,54,-8.0,88,Employed: 100%,E09000016,Havering,LA,Employed
Retired 1,35065,77.9,Female,56,Christian,67,White / Mixed,95,Yes,100,4.4,1665.2,0.1,0.0,0.0,1.9,5.4,1378.1,5.7,48.9,40.3,3.7,2.8,2.3,2.6,Several times a week,38,-7.8,4.0,2415.2,Yes,77,-8.0,99,-8.0,100,Retired: 100%,E09000016,Havering,LA,Retired
Retired 2,410,66.9,Male,93,Christian,62,White / Mixed,71,Yes,100,3.8,2064.0,0.0,1.2,1.0,3.5,0.0,2256.2,4.6,47.2,40.6,4.0,3.0,1.9,2.3,Several times a week,33,-8.0,3.8,5411.5,Yes,73,-8.0,100,-8.0,100,Retired: 100%,E09000016,Havering,LA,Retired
Unemployed,5511,45.1,Female,58,Not religious,47,White / Mixed,64,Yes,100,4.1,772.7,0.1,0.5,0.3,3.5,13.7,1571.6,5.3,37.8,41.8,3.2,2.6,2.4,2.6,Every day,48,-7.7,3.5,1306.9,No,57,-8.0,99,-8.0,99,Unemployed: 100%,E09000016,Havering,LA,Unemployed
Student,3380,25.6,Female,58,Not religious,61,White / Mixed,75,Yes,100,2.9,1225.7,2.4,0.1,0.0,3.5,261.4,800.7,4.4,42.1,56.0,3.2,2.6,2.3,2.5,Every day,64,3.5,2.9,2087.3,No,50,-8.0,61,-8.0,93,Student / training: 100%,E09000016,Havering,LA,Student
On leave,4559,46.8,Female,92,Not religious,47,White / Mixed,74,Yes,100,3.9,1020.4,0.3,1.4,0.7,4.0,60.6,1330.0,4.6,39.9,45.0,3.5,3.0,2.4,2.7,Several times a week,45,-6.3,3.8,2109.5,Yes,69,-8.0,93,-8.0,99,On leave: 100%,E09000016,Havering,LA,On leave
Inactive,6158,51.9,Female,59,Not religious,56,White / Mixed,87,Yes,100,4.4,1416.3,0.4,0.4,0.2,2.9,53.0,1069.0,5.5,31.9,30.1,3.3,3.0,2.4,2.7,Several times a week,37,-6.5,4.2,1374.2,Yes,51,-8.0,94,-8.0,98,Inactive: 100%,E09000016,Havering,LA,Inactive
Employed 1,39640,51.1,Male,51,Not religious,56,White / Mixed,92,Yes,100,2.8,2771.7,4.0,0.0,0.0,2.6,1457.6,1953.2,3.0,46.3,50.9,3.4,2.8,2.3,2.5,Several times a week,47,13.0,3.8,5456.8,Yes,81,Employer premises,56,-8.0,88,Employed: 100%,E09000017,Hillingdon,LA,Employed
Employed 2,15738,45.1,Male,53,Christian,39,Indian,33,Yes,100,2.5,2448.2,3.0,0.3,0.2,3.9,1142.5,1974.5,2.8,44.6,49.1,3.4,2.6,2.2,2.5,Every day,54,12.2,3.2,2935.9,Yes,71,Employer premises,45,-8.0,80,Employed: 100%,E09000017,Hillingdon,LA,Employed
Employed 3,35390,45.6,Male,57,Not religious,50,White / Mixed,76,Yes,100,2.4,3194.6,3.6,1.7,1.0,4.0,1660.4,2230.2,2.5,45.3,51.9,3.5,2.9,2.3,2.4,Every day,49,11.7,4.1,6357.7,Yes,91,Employer premises,52,-8.0,88,Employed: 100%,E09000017,Hillingdon,LA,Employed
Retired 1,26690,77.9,Female,53,Christian,68,White / Mixed,97,Yes,100,3.9,1789.4,0.1,0.0,0.0,1.9,6.7,1419.8,4.8,49.2,40.8,3.7,2.8,2.3,2.6,Several times a week,40,-7.8,4.0,2661.4,Yes,79,-8.0,99,-8.0,100,Retired: 100%,E09000017,Hillingdon,LA,Retired
Retired 2,3851,75.3,Male,53,Christian,35,Indian,30,Yes,100,4.1,1636.7,0.0,0.1,0.1,3.2,1.5,3145.6,5.2,43.7,36.9,3.7,2.6,2.2,2.5,Several times a week,29,-7.9,3.4,1416.9,Yes,62,-8.0,100,-8.0,100,Retired: 100%,E09000017,Hillingdon,LA,Retired
Unemployed,7974,45.7,Female,54,Christian,47,White / Mixed,41,Yes,100,3.9,767.1,0.1,0.5,0.3,3.9,12.8,1672.2,4.9,38.3,41.9,3.3,2.4,2.3,2.6,Every day,46,-7.8,3.2,1136.3,No,60,-8.0,99,-8.0,100,Unemployed: 100%,E09000017,Hillingdon,LA,Unemployed
Student,3905,26.4,Female,57,Not religious,42,White / Mixed,49,Yes,100,2.9,1221.6,2.1,0.1,0.1,3.8,240.3,882.8,4.0,43.4,54.2,3.3,2.5,2.3,2.5,Every day,65,1.9,2.9,1836.6,No,53,-8.0,65,-8.0,93,Student / training: 100%,E09000017,Hillingdon,LA,Student
On leave,5157,46.8,Female,92,Christian,55,White / Mixed,52,Yes,100,3.7,1027.9,0.3,1.4,0.7,4.2,55.4,1420.5,4.2,40.7,44.9,3.5,2.9,2.2,2.5,Several times a week,45,-6.6,3.8,1705.6,Yes,66,-8.0,93,-8.0,99,On leave: 100%,E09000017,Hillingdon,LA,On leave
Inactive,6464,50.9,Female,58,Not religious,50,White / Mixed,71,Yes,100,4.0,1337.2,0.3,0.4,0.2,3.1,56.2,1051.2,4.9,32.0,31.3,3.3,3.0,2.3,2.7,Several times a week,38,-6.4,4.1,1362.2,Yes,54,-8.0,94,-8.0,99,Inactive: 100%,E09000017,Hillingdon,LA,Inactive
Employed 1,34110,45.9,Male,59,Christian,44,White / Mixed,58,Yes,100,2.4,3128.6,3.6,1.7,1.0,4.1,1564.8,2254.5,2.4,44.9,50.9,3.5,2.8,2.2,2.4,Every day,52,11.3,4.0,5773.3,Yes,89,Employer premises,50,-8.0,87,Employed: 100%,E09000018,Hounslow,LA,Employed
Employed 2,50082,48.7,Male,53,Christian,41,White / Mixed,62,Yes,100,2.6,2679.6,3.7,0.0,0.0,2.9,1383.0,1987.6,2.8,45.5,50.3,3.4,2.7,2.3,2.5,Every day,46,12.5,3.5,4490.7,Yes,74,Employer premises,51,-8.0,85,Employed: 100%,E09000018,Hounslow,LA,Employed
Retired 1,22531,77.4,Female,53,Christian,60,White / Mixed,79,Yes,100,3.8,1778.4,0.1,0.0,0.0,2.1,6.0,1524.8,4.7,47.4,39.9,3.7,2.7,2.3,2.6,Several times a week,38,-7.8,3.8,2372.3,Yes,74,-8.0,99,-8.0,100,Retired: 100%,E09000018,Hounslow,LA,Retired
Retired 2,372,69.1,Male,95,Christian,81,Indian,41,Yes,100,4.2,1424.0,0.0,1.2,1.0,3.8,0.0,2325.0,5.5,45.6,40.3,4.3,2.4,1.5,2.2,About once a week,57,-8.0,2.9,2913.8,No,58,-8.0,100,-8.0,100,Retired: 100%,E09000018,Hounslow,LA,Retired
Unemployed,8038,46.5,Female,55,Christian,49,Pakistani / Bangladeshi,40,Yes,100,3.8,751.0,0.1,0.5,0.3,4.0,4.6,1575.5,4.7,38.2,41.4,3.4,2.4,2.3,2.6,Every day,46,-7.8,3.1,965.0,No,62,-8.0,99,-8.0,100,Unemployed: 100%,E09000018,Hounslow,LA,Unemployed
Student,3142,27.0,Female,57,Christian,39,White / Mixed,39,Yes,100,2.9,1206.4,1.9,0.1,0.1,3.8,202.3,880.4,3.9,43.9,53.4,3.2,2.6,2.3,2.5,Every day,66,0.7,2.9,1804.1,No,51,-8.0,70,-8.0,94,Student / training: 100%,E09000018,Hounslow,LA,Student
On leave,4720,46.9,Female,93,Christian,57,White / Mixed,46,Yes,100,3.7,1021.8,0.3,1.4,0.7,4.3,54.8,1341.1,4.2,41.1,44.8,3.5,2.7,2.2,2.5,Every day,45,-6.7,3.7,1542.9,Yes,62,-8.0,94,-8.0,99,On leave: 100%,E09000018,Hounslow,LA,On leave
Inactive,5999,50.9,Female,57,Not religious,50,White / Mixed,67,Yes,100,3.9,1331.3,0.3,0.4,0.2,3.1,52.2,1130.0,4.7,32.4,32.1,3.3,2.9,2.3,2.6,Several times a week,37,-6.6,4.0,1483.4,Yes,53,-8.0,95,-8.0,99,Inactive: 100%,E09000018,Hounslow,LA,Inactive
Employed 1,11374,41.1,Female,56,Christian,62,African,27,Yes,100,2.2,2353.9,2.6,0.3,0.2,4.0,1077.0,2134.4,2.4,43.5,50.3,3.3,2.5,2.2,2.6,Every day,66,11.1,3.0,2201.3,Yes,63,Employer premises,39,-8.0,81,Employed: 100%,E09000019,Islington,LA,Employed
Employed 2,24532,43.3,Male,54,Not religious,55,White / Mixed,85,Yes,100,2.2,3154.1,3.6,1.7,1.0,3.9,1619.2,2153.7,2.2,44.9,52.2,3.5,2.9,2.3,2.4,Every day,51,11.6,4.1,6319.2,Yes,90,Employer premises,52,-8.0,88,Employed: 100%,E09000019,Islington,LA,Employed
Employed 3,48890,44.4,Male,55,Not religious,60,White / Mixed,93,Yes,100,2.3,2806.5,3.7,0.0,0.0,2.3,1556.1,2063.3,2.5,45.0,51.7,3.2,2.7,2.3,2.6,Every day,50,13.7,3.6,4886.7,Yes,72,Employer premises,54,-8.0,88,Employed: 100%,E09000019,Islington,LA,Employed
Retired 1,8025,72.3,Male,60,Christian,57,White / Mixed,91,Yes,100,2.1,2290.3,0.2,0.0,0.0,1.9,19.7,1451.2,2.1,49.5,44.2,3.6,2.8,2.3,2.5,Several times a week,51,-7.6,3.8,3800.4,Yes,85,-8.0,98,-8.0,100,Retired: 100%,E09000019,Islington,LA,Retired
Retired 2,9310,79.8,Female,63,Christian,67,White / Mixed,91,Yes,100,5.1,1439.7,0.0,0.0,0.0,1.7,0.1,826.3,6.9,46.7,36.0,3.7,2.7,2.3,2.6,Several times a week,32,-8.0,3.9,1398.5,Yes,61,-8.0,100,-8.0,100,Retired: 100%,E09000019,Islington,LA,Retired
Unemployed,8421,42.7,Female,51,Christian,44,White / Mixed,59,Yes,100,3.7,770.4,0.1,0.4,0.3,3.4,8.3,1617.0,4.6,36.0,41.3,3.2,2.4,2.3,2.5,Every day,53,-7.6,2.9,878.9,No,67,-8.0,99,-8.0,100,Unemployed: 100%,E09000019,Islington,LA,Unemployed
Student,3119,26.7,Female,60,Not religious,48,White / Mixed,61,Yes,100,2.8,1338.4,2.0,0.1,0.0,3.6,246.2,923.0,3.6,42.5,54.4,3.2,2.5,2.3,2.5,Every day,65,2.1,2.7,2366.4,No,50,-8.0,66,-8.0,94,Student / training: 100%,E09000019,Islington,LA,Student
On leave,4792,42.6,Female,92,Christian,47,White / Mixed,69,Yes,100,3.2,1342.8,0.5,1.5,0.7,3.7,154.3,1633.0,3.5,39.0,44.5,3.4,2.8,2.4,2.6,Every day,53,-5.1,3.7,2261.9,Yes,69,-8.0,85,-8.0,98,On leave: 100%,E09000019,Islington,LA,On leave
Inactive,8814,48.7,Female,50,Not religious,64,White / Mixed,86,Yes,100,3.8,1407.7,0.2,0.3,0.2,2.5,28.9,1123.6,4.7,31.6,31.9,3.2,2.8,2.3,2.7,Every day,38,-7.3,4.0,1242.2,No,52,-8.0,97,-8.0,99,Inactive: 100%,E09000019,Islington,LA,Inactive
Employed 1,37588,49.6,Male,53,Not religious,48,White / Mixed,81,Yes,100,2.1,2892.2,3.5,0.0,0.0,2.3,1419.1,2072.9,2.2,46.4,51.7,3.3,2.6,2.2,2.5,Every day,45,12.1,3.5,4930.3,Yes,73,Employer premises,48,-8.0,87,Employed: 100%,E09000020,Kensington and Chelsea,LA,Employed
Employed 2,15975,45.6,Male,54,Not religious,49,White / Mixed,77,Yes,100,2.0,3202.2,3.6,1.7,1.0,3.9,1609.5,2193.3,2.1,45.8,52.7,3.5,2.8,2.2,2.4,Every day,51,11.0,4.0,6273.7,Yes,89,Employer premises,50,-8.0,87,Employed: 100%,E09000020,Kensington and Chelsea,LA,Employed
Retired 1,16300,77.6,Female,58,Christian,64,White / Mixed,98,Yes,100,2.9,1967.9,0.1,0.0,0.0,1.7,8.3,1163.0,3.4,49.5,42.5,3.7,2.7,2.3,2.5,Several times a week,44,-7.8,3.8,2912.5,Yes,78,-8.0,99,-8.0,100,Retired: 100%,E09000020,Kensington and Chelsea,LA,Retired
Retired 2,1304,77.4,Male,57,Christian,40,Other,28,Yes,100,3.2,1574.9,0.1,0.1,0.1,2.3,1.4,2600.2,3.9,37.8,30.9,3.6,2.3,2.0,2.2,Every day,31,-7.8,3.4,1486.7,Yes,57,-8.0,100,-8.0,100,Retired: 100%,E09000020,Kensington and Chelsea,LA,Retired
Unemployed,3948,45.9,Female,54,Christian,49,White / Mixed,58,Yes,100,3.2,721.5,0.2,0.4,0.3,3.0,10.5,1806.5,3.8,37.4,43.0,3.3,2.3,2.3,2.5,Every day,50,-7.7,3.0,1220.4,No,62,-8.0,99,-8.0,100,Unemployed: 100%,E09000020,Kensington and Chelsea,LA,Unemployed
Student,1231,29.6,Female,59,Not religious,45,White / Mixed,61,Yes,100,2.4,1494.4,1.8,0.1,0.1,3.3,263.5,1010.0,3.0,43.8,54.3,3.2,2.4,2.2,2.4,Every day,65,2.0,2.7,2803.6,Yes,56,-8.0,68,-8.0,94,Student / training: 100%,E09000020,Kensington and Chelsea,LA,Student
On leave,2728,46.9,Female,92,Christian,50,White / Mixed,72,Yes,100,2.9,1135.0,0.4,1.3,0.7,3.9,89.1,1361.9,3.1,40.5,47.5,3.4,2.8,2.3,2.5,Every day,46,-5.9,3.7,2388.4,Yes,67,-8.0,89,-8.0,98,On leave: 100%,E09000020,Kensington and Chelsea,LA,On leave
Inactive,4209,53.1,Female,51,Not religious,58,White / Mixed,89,Yes,100,3.2,1398.3,0.3,0.3,0.2,2.4,43.5,1095.0,3.7,34.4,33.9,3.2,2.8,2.3,2.7,Every day,38,-6.7,3.8,1966.2,Yes,53,-8.0,95,-8.0,99,Inactive: 100%,E09000020,Kensington and Chelsea,LA,Inactive
Employed 1,21550,45.5,Male,55,Not religious,55,White / Mixed,88,Yes,100,2.2,3254.6,3.5,1.7,1.0,4.0,1724.2,2254.699951171875,2.200000047683716,45.6,52.9,3.5,2.9000000953674316,2.299999952316284,2.4000000953674316,Several times a week,48,11.4,4.1,6743.7,Yes,92,Employer premises,53,-8.0,88,Employed: 100%,E09000021,Kingston upon Thames,LA,Employed
Employed 2,4877,45.6,Female,55,Christian,71,Pakistani / Bangladeshi,25,Yes,100,2.2,2778.8,2.7,0.3,0.2,4.0,1164.2,2212.39990234375,2.4000000953674316,45.8,51.1,3.4,2.5,2.299999952316284,2.5,Every day,65,13.3,3.1,3017.2,Yes,70,Employer premises,41,-8.0,79,Employed: 100%,E09000021,Kingston upon Thames,LA,Employed
Employed 3,4,57.0,Male,100,Muslim/Islam,100,Pakistani / Bangladeshi,100,No,100,3.0,157.1,0.0,1.0,1.0,5.0,0.0,,,43.3,35.6,nan%,,,,Every day,100,-8.0,6.0,0.0,No,100,-8.0,100,-8.0,100,Employed: 100%,E09000021,Kingston upon Thames,LA,Employed
Employed 4,31384,49.5,Female,50,Not religious,57,White / Mixed,96,Yes,100,2.5,2871.0,3.8,0.0,0.0,2.5,1521.9,2021.0,2.700000047683716,46.3,51.6,3.4,2.799999952316284,2.299999952316284,2.5,Several times a week,47,13.0,3.8,5591.1,Yes,80,Employer premises,54,-8.0,88,Employed: 100%,E09000021,Kingston upon Thames,LA,Employed
Employed 5,4820,46.8,Male,57,Muslim/Islam,49,Indian,58,Yes,100,2.4,2911.0,3.3,0.6,0.4,3.7,1435.0,2192.0,2.5,43.6,48.1,3.4,2.5,2.0999999046325684,2.4000000953674316,Every day,49,13.0,3.3,3414.4,Yes,75,Employer premises,48,-8.0,81,Employed: 100%,E09000021,Kingston upon Thames,LA,Employed
Retired 1,10224,78.1,Female,100,Christian,69,White / Mixed,92,Yes,100,3.7,1524.0,0.1,0.0,0.0,1.9,5.9,1051.9000244140625,4.599999904632568,48.2,40.2,3.7,2.799999952316284,2.299999952316284,2.5999999046325684,Several times a week,38,-7.7,3.9,1721.6,Yes,73,-8.0,99,-8.0,100,Retired: 100%,E09000021,Kingston upon Thames,LA,Retired
Retired 2,9147,76.7,Male,99,Christian,59,White / Mixed,91,Yes,100,3.4,2159.2,0.1,0.0,0.0,2.1,8.2,2091.800048828125,3.9000000953674316,49.9,42.7,3.7,2.799999952316284,2.200000047683716,2.5999999046325684,Several times a week,45,-7.9,3.9,3815.2,Yes,85,-8.0,99,-8.0,100,Retired: 100%,E09000021,Kingston upon Thames,LA,Retired
Unemployed,4144,44.8,Female,51,Christian,45,White / Mixed,54,Yes,100,3.5,722.2,0.1,0.4,0.3,3.6,21.0,1791.800048828125,4.300000190734863,37.0,42.3,3.3,2.5,2.299999952316284,2.5999999046325684,Every day,47,-7.7,3.2,1275.1,No,58,-8.0,99,-8.0,100,Unemployed: 100%,E09000021,Kingston upon Thames,LA,Unemployed
Student,2125,27.0,Female,59,Not religious,51,White / Mixed,65,Yes,100,2.7,1287.8,2.1,0.1,0.1,3.6,246.6,854.9000244140625,3.5999999046325684,42.2,55.1,3.2,2.5999999046325684,2.299999952316284,2.5,Every day,67,3.1,2.9,2164.9,Yes,51,-8.0,65,-8.0,93,Student / training: 100%,E09000021,Kingston upon Thames,LA,Student
On leave,2835,46.7,Female,92,Christian,52,White / Mixed,66,Yes,100,3.3,1032.7,0.4,1.3,0.7,4.0,79.3,1516.5999755859375,3.700000047683716,41.9,46.8,3.5,2.9000000953674316,2.299999952316284,2.5999999046325684,Every day,44,-6.2,3.9,2287.8,Yes,71,-8.0,91,-8.0,99,On leave: 100%,E09000021,Kingston upon Thames,LA,On leave
Inactive,3851,50.7,Female,56,Not religious,56,White / Mixed,82,Yes,100,3.6,1365.9,0.4,0.3,0.2,2.8,72.6,1081.199951171875,4.300000190734863,32.5,32.5,3.2,2.9000000953674316,2.4000000953674316,2.700000047683716,Every day,37,-6.4,4.1,1429.1,Yes,55,-8.0,93,-8.0,99,Inactive: 100%,E09000021,Kingston upon Thames,LA,Inactive
Employed 1,76426,45.9,Male,53,Not religious,49,White / Mixed,73,Yes,100,2.3,2788.0,3.5,0.0,0.0,2.6,1479.4,2108.3,2.4,45.4,51.5,3.2,2.6,2.3,2.5,Every day,51,13.6,3.4,4421.7,Yes,70,Employer premises,50,-8.0,86,Employed: 100%,E09000022,Lambeth,LA,Employed
Employed 2,36397,44.0,Male,53,Not religious,49,White / Mixed,72,Yes,100,2.1,3186.0,3.5,1.6,1.0,3.8,1688.8,2198.1,2.2,44.7,52.2,3.4,2.8,2.2,2.4,Every day,54,12.4,4.0,5893.0,Yes,88,Employer premises,50,-8.0,87,Employed: 100%,E09000022,Lambeth,LA,Employed
Retired 1,20923,76.9,Female,53,Christian,60,White / Mixed,85,Yes,100,3.7,1827.1,0.1,0.0,0.0,1.9,11.4,1396.9,4.7,48.5,40.4,3.7,2.7,2.3,2.6,Several times a week,41,-7.8,3.7,2336.0,Yes,71,-8.0,99,-8.0,100,Retired: 100%,E09000022,Lambeth,LA,Retired
Retired 2,262,65.5,Male,97,Christian,78,African,40,Yes,100,3.1,1494.0,0.0,1.5,1.0,3.7,0.0,2800.0,3.1,49.9,44.8,3.9,3.2,1.9,2.2,About once a week,57,-8.0,4.1,2880.3,No,51,-8.0,100,-8.0,100,Retired: 100%,E09000022,Lambeth,LA,Retired
Unemployed,10211,45.0,Male,52,Christian,50,White / Mixed,55,Yes,100,3.7,777.4,0.1,0.4,0.3,3.3,9.3,1750.9,4.6,36.7,41.1,3.2,2.3,2.3,2.5,Every day,54,-7.6,2.9,986.4,No,66,-8.0,98,-8.0,100,Unemployed: 100%,E09000022,Lambeth,LA,Unemployed
Student,2682,28.1,Female,63,Christian,47,White / Mixed,52,Yes,100,2.8,1346.3,1.7,0.1,0.1,3.3,266.0,939.8,3.4,43.8,53.7,3.1,2.4,2.1,2.4,Every day,61,0.4,2.5,3102.7,No,56,-8.0,72,-8.0,96,Student / training: 100%,E09000022,Lambeth,LA,Student
On leave,5837,42.1,Female,94,Christian,55,White / Mixed,57,Yes,100,3.1,1462.4,0.6,1.6,0.8,3.7,191.6,1664.7,3.2,37.5,42.4,3.4,2.9,2.4,2.6,Every day,55,-5.1,3.6,2011.1,Yes,73,-8.0,81,-8.0,97,On leave: 100%,E09000022,Lambeth,LA,On leave
Inactive,9516,48.5,Male,54,Not religious,64,White / Mixed,82,Yes,100,3.6,1438.2,0.2,0.3,0.2,2.6,33.6,1235.4,4.5,32.1,33.2,3.2,2.8,2.3,2.7,Every day,40,-7.1,3.9,1604.8,Yes,52,-8.0,96,-8.0,99,Inactive: 100%,E09000022,Lambeth,LA,Inactive
Employed 1,35282,45.1,Male,54,Not religious,47,White / Mixed,70,Yes,100,2.3,3213.9,3.5,1.7,1.0,3.9,1687.9,2251.5,2.3,44.9,52.1,3.5,2.8,2.3,2.4,Every day,52,12.3,4.0,5845.7,Yes,89,Employer premises,50,-8.0,87,Employed: 100%,E09000023,Lewisham,LA,Employed
Employed 2,60285,48.2,Male,53,Not religious,47,White / Mixed,69,Yes,100,2.5,2754.5,3.6,0.0,0.0,2.6,1437.3,2063.7,2.7,45.8,50.9,3.3,2.7,2.3,2.5,Every day,48,13.3,3.5,4558.5,Yes,73,Employer premises,51,-8.0,86,Employed: 100%,E09000023,Lewisham,LA,Employed
Retired 1,23178,76.6,Female,54,Christian,62,White / Mixed,84,Yes,100,3.9,1810.1,0.1,0.0,0.0,1.9,8.0,1394.9,5.0,48.6,40.3,3.7,2.7,2.3,2.6,Several times a week,39,-7.7,3.8,2355.6,Yes,71,-8.0,99,-8.0,100,Retired: 100%,E09000023,Lewisham,LA,Retired
Retired 2,347,65.7,Male,96,Christian,73,White / Mixed,47,Yes,100,3.7,1667.3,0.0,1.3,1.0,3.6,0.0,2609.5,3.9,50.0,42.3,4.0,3.2,1.9,2.2,About once a week,51,-8.0,4.1,3374.9,Yes,62,-8.0,100,-8.0,100,Retired: 100%,E09000023,Lewisham,LA,Retired
Unemployed,9208,46.1,Female,52,Christian,50,White / Mixed,47,Yes,100,3.8,824.3,0.1,0.5,0.3,3.4,4.0,1703.8,4.8,37.9,41.4,3.2,2.4,2.3,2.5,Every day,52,-7.7,3.0,1014.2,No,64,-8.0,99,-8.0,100,Unemployed: 100%,E09000023,Lewisham,LA,Unemployed
Student,2880,27.2,Female,64,Christian,46,White / Mixed,49,Yes,100,3.0,1262.3,1.8,0.1,0.1,3.4,267.6,892.0,3.8,44.1,54.0,3.1,2.4,2.2,2.5,Every day,60,0.8,2.5,2371.7,No,60,-8.0,70,-8.0,96,Student / training: 100%,E09000023,Lewisham,LA,Student
On leave,5481,44.0,Female,93,Christian,53,White / Mixed,54,Yes,100,3.4,1308.5,0.4,1.5,0.7,3.8,127.1,1607.4,3.7,36.9,41.1,3.4,2.9,2.3,2.6,Every day,49,-5.8,3.6,1904.4,Yes,70,-8.0,88,-8.0,98,On leave: 100%,E09000023,Lewisham,LA,On leave
Inactive,8566,50.2,Female,51,Not religious,57,White / Mixed,77,Yes,100,3.9,1424.8,0.3,0.4,0.2,2.7,43.5,1154.2,4.9,31.2,31.1,3.2,2.9,2.3,2.7,Several times a week,35,-7.1,3.9,1595.4,No,50,-8.0,95,-8.0,99,Inactive: 100%,E09000023,Lewisham,LA,Inactive
Employed 1,41999,49.6,Male,51,Not religious,45,White / Mixed,75,Yes,100,2.5,2836.0,3.7,0.0,0.0,2.7,1470.9,2059.6,2.7,46.3,51.2,3.4,2.7,2.3,2.5,Several times a week,45,12.7,3.6,4898.0,Yes,77,Employer premises,51,-8.0,86,Employed: 100%,E09000024,Merton,LA,Employed
Employed 2,28413,45.8,Male,54,Not religious,47,White / Mixed,74,Yes,100,2.2,3227.9,3.5,1.7,1.0,4.0,1669.6,2258.3,2.3,45.5,52.2,3.5,2.9,2.3,2.4,Every day,49,11.7,4.0,6184.0,Yes,91,Employer premises,51,-8.0,87,Employed: 100%,E09000024,Merton,LA,Employed
Retired 1,19720,77.4,Female,55,Christian,63,White / Mixed,89,Yes,100,3.6,1834.9,0.1,0.0,0.0,2.0,7.7,1631.9,4.4,49.1,41.6,3.7,2.8,2.3,2.6,Several times a week,41,-7.8,3.9,2627.9,Yes,77,-8.0,99,-8.0,100,Retired: 100%,E09000024,Merton,LA,Retired
Retired 2,284,69.0,Male,94,Christian,75,White / Mixed,55,Yes,100,3.5,1811.0,0.0,1.2,1.0,3.9,0.0,2571.4,3.8,48.4,46.6,4.1,2.8,1.8,2.2,About once a week,48,-8.0,3.6,4678.7,Yes,69,-8.0,100,-8.0,100,Retired: 100%,E09000024,Merton,LA,Retired
Unemployed,4907,46.1,Female,53,Christian,49,White / Mixed,45,Yes,100,3.7,722.2,0.1,0.5,0.3,3.7,16.4,1849.8,4.6,38.5,42.9,3.3,2.4,2.3,2.5,Every day,48,-7.7,3.1,1223.6,No,58,-8.0,99,-8.0,100,Unemployed: 100%,E09000024,Merton,LA,Unemployed
Student,1895,27.5,Female,62,Not religious,43,White / Mixed,53,Yes,100,2.9,1288.9,1.9,0.1,0.1,3.6,253.9,907.9,3.8,43.2,54.1,3.2,2.5,2.3,2.5,Every day,62,1.6,2.9,2194.4,No,53,-8.0,68,-8.0,93,Student / training: 100%,E09000024,Merton,LA,Student
On leave,3564,46.4,Female,93,Christian,55,White / Mixed,59,Yes,100,3.4,1066.0,0.3,1.4,0.7,4.1,73.6,1543.5,3.8,40.1,45.2,3.5,2.8,2.3,2.5,Several times a week,46,-6.2,3.8,1876.6,Yes,68,-8.0,92,-8.0,99,On leave: 100%,E09000024,Merton,LA,On leave
Inactive,4266,50.6,Female,55,Not religious,55,White / Mixed,77,Yes,100,3.7,1356.3,0.4,0.4,0.2,2.9,65.6,1077.7,4.5,33.5,33.9,3.2,2.9,2.3,2.7,Several times a week,37,-6.5,4.0,1661.5,Yes,56,-8.0,93,-8.0,99,Inactive: 100%,E09000024,Merton,LA,Inactive
Employed 1,55219,45.6,Male,59,Christian,43,White / Mixed,42,Yes,100,2.7,2502.0,3.5,0.0,0.0,3.2,1305.2,1953.2,3.0,44.9,50.1,3.3,2.6,2.2,2.5,Every day,50,13.0,3.3,3640.6,Yes,67,Employer premises,50,-8.0,81,Employed: 100%,E09000025,Newham,LA,Employed
Employed 2,34655,45.6,Male,65,Christian,48,White / Mixed,41,Yes,100,2.5,2928.1,3.6,1.8,1.0,4.3,1462.6,2241.3,2.5,44.6,49.6,3.4,2.7,2.2,2.4,Every day,58,11.5,3.8,5241.6,Yes,86,Employer premises,48,-8.0,86,Employed: 100%,E09000025,Newham,LA,Employed
Retired 1,17420,77.1,Female,53,Christian,56,White / Mixed,63,Yes,100,4.1,1750.6,0.1,0.0,0.0,2.4,5.3,1583.5,5.4,46.5,38.4,3.6,2.7,2.2,2.5,Several times a week,35,-7.9,3.7,1809.1,Yes,66,-8.0,99,-8.0,100,Retired: 100%,E09000025,Newham,LA,Retired
Retired 2,385,67.8,Male,97,Christian,88,Indian,36,Yes,100,4.7,1124.7,0.0,1.3,1.0,3.9,0.0,2212.5,5.8,45.6,37.6,4.3,2.4,1.4,2.2,About once a week,68,-8.0,2.7,1565.7,No,60,-8.0,100,-8.0,100,Retired: 100%,E09000025,Newham,LA,Retired
Unemployed,13442,46.4,Female,52,Christian,55,Pakistani / Bangladeshi,46,Yes,100,4.0,737.8,0.1,0.5,0.3,4.3,3.2,1393.9,5.2,38.9,41.3,3.4,2.2,2.2,2.5,Every day,47,-7.8,2.9,788.0,No,66,-8.0,99,-8.0,100,Unemployed: 100%,E09000025,Newham,LA,Unemployed
Student,4758,26.7,Female,61,Christian,50,Pakistani / Bangladeshi,41,Yes,100,3.1,1137.4,1.5,0.1,0.1,4.0,163.5,806.7,3.9,44.7,51.6,3.2,2.4,2.2,2.5,Every day,64,-1.7,2.8,1487.8,No,59,-8.0,77,-8.0,96,Student / training: 100%,E09000025,Newham,LA,Student
On leave,6531,46.5,Female,93,Christian,64,Pakistani / Bangladeshi,41,Yes,100,3.9,1026.6,0.2,1.4,0.7,4.4,52.9,1464.6,4.4,38.6,41.4,3.5,2.6,2.1,2.5,Every day,48,-7.1,3.5,1054.7,Yes,60,-8.0,94,-8.0,99,On leave: 100%,E09000025,Newham,LA,On leave
Inactive,7936,48.7,Male,52,Not religious,50,White / Mixed,54,Yes,100,4.0,1257.4,0.3,0.4,0.2,3.3,47.5,1324.4,5.0,31.4,32.4,3.3,2.8,2.2,2.6,Several times a week,38,-7.0,4.0,1315.2,Yes,53,-8.0,96,-8.0,99,Inactive: 100%,E09000025,Newham,LA,Inactive
Employed 1,54024,48.3,Male,54,Christian,43,White / Mixed,57,Yes,100,2.6,2679.7,3.6,0.0,0.0,3.0,1339.8,1981.8,2.8,45.4,50.2,3.4,2.7,2.3,2.5,Every day,47,12.5,3.6,4562.7,Yes,76,Employer premises,51,-8.0,85,Employed: 100%,E09000026,Redbridge,LA,Employed
Employed 2,41723,45.7,Male,59,Christian,45,White / Mixed,55,Yes,100,2.3,3125.3,3.5,1.7,1.0,4.2,1566.2,2301.1,2.3,45.0,50.7,3.5,2.8,2.2,2.4,Every day,52,11.0,3.9,5666.2,Yes,90,Employer premises,48,-8.0,88,Employed: 100%,E09000026,Redbridge,LA,Employed
Retired 1,28254,77.6,Female,53,Christian,62,White / Mixed,79,Yes,100,3.8,1784.3,0.0,0.0,0.0,2.1,0.5,1891.6,4.7,47.9,40.0,3.7,2.8,2.3,2.6,Several times a week,38,-8.0,3.9,2325.6,Yes,74,-8.0,100,-8.0,100,Retired: 100%,E09000026,Redbridge,LA,Retired
Retired 2,465,69.1,Male,95,Christian,77,Indian,40,Yes,100,4.3,1429.1,0.0,1.2,1.0,3.8,0.0,2373.3,5.7,45.2,38.6,4.3,2.4,1.5,2.2,About once a week,56,-8.0,2.7,2812.4,No,54,-8.0,100,-8.0,100,Retired: 100%,E09000026,Redbridge,LA,Retired
Retired 3,566,71.1,Male,68,Not religious,52,White / Mixed,78,Yes,100,2.4,2697.3,4.6,0.0,0.0,2.1,319.7,674.8,2.5,51.5,48.4,3.6,3.3,2.1,2.2,Several times a week,42,-0.1,3.8,4428.8,Yes,96,-8.0,59,-8.0,93,Retired: 100%,E09000026,Redbridge,LA,Retired
Unemployed,10119,45.9,Female,56,Christian,50,Pakistani / Bangladeshi,45,Yes,100,3.8,753.2,0.1,0.5,0.3,4.1,10.3,1603.2,4.7,38.9,41.6,3.4,2.4,2.3,2.6,Every day,46,-7.8,3.2,1028.3,No,59,-8.0,99,-8.0,100,Unemployed: 100%,E09000026,Redbridge,LA,Unemployed
Student,5044,26.2,Female,58,Christian,44,Pakistani / Bangladeshi,36,Yes,100,3.0,1132.4,2.0,0.1,0.1,4.0,198.0,833.1,4.0,43.8,53.2,3.3,2.5,2.3,2.6,Every day,66,0.6,2.9,1543.8,No,56,-8.0,68,-8.0,94,Student / training: 100%,E09000026,Redbridge,LA,Student
On leave,6150,46.8,Female,92,Christian,61,Pakistani / Bangladeshi,40,Yes,100,3.7,969.6,0.2,1.4,0.7,4.3,50.9,1422.1,4.2,40.6,44.1,3.5,2.7,2.1,2.5,Every day,46,-6.7,3.8,1463.4,Yes,64,-8.0,94,-8.0,99,On leave: 100%,E09000026,Redbridge,LA,On leave
Inactive,6755,50.7,Female,57,Not religious,45,White / Mixed,59,Yes,100,3.8,1337.3,0.4,0.4,0.2,3.2,86.8,1110.0,4.7,32.2,32.0,3.3,2.9,2.3,2.6,Several times a week,37,-6.3,4.1,1368.6,Yes,55,-8.0,93,-8.0,99,Inactive: 100%,E09000026,Redbridge,LA,Inactive
Employed 1,6895,47.6,Female,51,Christian,37,Indian,27,Yes,100,2.1,3025.5,3.2,0.5,0.3,3.7,1370.6,2255.8,2.2,45.4,49.9,3.4,2.4,2.2,2.4,Every day,57,14.2,3.3,3466.0,Yes,74,Employer premises,47,-8.0,79,Employed: 100%,E09000027,Richmond upon Thames,LA,Employed
Employed 2,25869,46.4,Male,53,Not religious,55,White / Mixed,93,Yes,100,2.0,3407.7,3.4,1.7,1.0,3.9,1774.0,2307.0,2.0,46.1,53.4,3.6,3.0,2.3,2.4,Several times a week,50,11.4,4.1,6764.1,Yes,93,Employer premises,52,-8.0,88,Employed: 100%,E09000027,Richmond upon Thames,LA,Employed
Employed 3,39191,52.1,Female,51,Not religious,55,White / Mixed,97,Yes,100,2.3,3012.0,3.7,0.0,0.0,2.4,1518.1,2097.6,2.4,47.0,51.7,3.4,2.8,2.3,2.5,Several times a week,48,12.3,3.8,5784.4,Yes,82,Employer premises,51,-8.0,89,Employed: 100%,E09000027,Richmond upon Thames,LA,Employed
Retired 1,24728,77.4,Female,55,Christian,64,White / Mixed,95,Yes,100,3.2,1926.7,0.1,0.0,0.0,1.8,8.5,1474.7,3.7,49.6,42.4,3.7,2.8,2.3,2.6,Several times a week,44,-7.8,3.9,2973.3,Yes,80,-8.0,99,-8.0,100,Retired: 100%,E09000027,Richmond upon Thames,LA,Retired
Retired 2,273,69.5,Male,90,Christian,66,White / Mixed,78,Yes,100,2.3,2296.2,0.0,1.1,1.0,3.9,0.0,2447.1,2.6,46.7,50.8,4.0,3.1,1.9,2.1,Several times a week,63,-8.0,3.7,6211.5,Yes,80,-8.0,100,-8.0,100,Retired: 100%,E09000027,Richmond upon Thames,LA,Retired
Unemployed,3618,46.3,Female,53,Not religious,45,White / Mixed,67,Yes,100,3.3,722.9,0.1,0.5,0.3,3.2,46.0,2063.2,3.8,37.5,43.6,3.3,2.5,2.3,2.5,Every day,44,-7.4,3.3,1495.3,No,56,-8.0,98,-8.0,100,Unemployed: 100%,E09000027,Richmond upon Thames,LA,Unemployed
Student,1658,28.6,Female,58,Not religious,58,White / Mixed,75,Yes,100,2.6,1429.0,2.1,0.1,0.1,3.4,295.9,985.7,3.4,43.3,55.1,3.2,2.6,2.3,2.5,Every day,63,3.3,3.0,2859.5,Yes,56,-8.0,63,-8.0,93,Student / training: 100%,E09000027,Richmond upon Thames,LA,Student
On leave,3196,47.5,Female,91,Not religious,46,White / Mixed,78,Yes,100,2.9,1096.3,0.4,1.3,0.7,3.9,99.4,1450.7,3.2,41.9,47.8,3.5,2.8,2.3,2.5,Several times a week,46,-5.7,3.8,2645.2,Yes,71,-8.0,90,-8.0,99,On leave: 100%,E09000027,Richmond upon Thames,LA,On leave
Inactive,4020,53.1,Female,58,Not religious,56,White / Mixed,90,Yes,100,3.3,1362.5,0.4,0.3,0.2,2.6,61.2,1126.8,3.8,34.4,33.3,3.3,2.8,2.4,2.7,Every day,40,-6.2,3.9,1873.8,Yes,56,-8.0,92,-8.0,98,Inactive: 100%,E09000027,Richmond upon Thames,LA,Inactive
Employed 1,33254,44.4,Male,53,Not religious,49,White / Mixed,71,Yes,100,2.2,3187.8,3.6,1.6,1.0,3.9,1679.0,2192.0,2.2,44.9,52.0,3.4,2.8,2.2,2.4,Every day,53,12.8,3.9,5825.5,Yes,88,Employer premises,51,-8.0,86,Employed: 100%,E09000028,Southwark,LA,Employed
Employed 2,67275,46.4,Male,54,Not religious,48,White / Mixed,70,Yes,100,2.4,2725.6,3.5,0.0,0.0,2.7,1424.4,2070.6,2.6,45.6,51.3,3.3,2.6,2.3,2.5,Every day,50,13.3,3.4,4317.3,Yes,70,Employer premises,50,-8.0,86,Employed: 100%,E09000028,Southwark,LA,Employed
Retired 1,10623,77.3,Female,100,Christian,66,White / Mixed,85,Yes,100,3.9,1738.0,0.1,0.0,0.0,1.8,6.0,1155.4,5.1,47.4,38.9,3.7,2.7,2.3,2.6,Several times a week,37,-7.7,3.7,1564.6,Yes,63,-8.0,99,-8.0,100,Retired: 100%,E09000028,Southwark,LA,Retired
Retired 2,9986,75.6,Male,100,Christian,54,White / Mixed,81,Yes,100,3.5,1940.3,0.1,0.0,0.0,2.0,12.5,1740.9,4.3,49.8,42.1,3.7,2.8,2.2,2.5,Several times a week,43,-7.9,3.8,3146.9,Yes,77,-8.0,99,-8.0,100,Retired: 100%,E09000028,Southwark,LA,Retired
Unemployed,9971,45.0,Male,50,Christian,50,White / Mixed,50,Yes,100,3.7,776.8,0.1,0.4,0.3,3.5,7.1,1751.9,4.7,37.1,41.3,3.3,2.4,2.3,2.5,Every day,53,-7.5,2.9,926.5,No,69,-8.0,98,-8.0,100,Unemployed: 100%,E09000028,Southwark,LA,Unemployed
Student,2936,27.5,Female,61,Christian,48,White / Mixed,53,Yes,100,2.8,1352.0,1.8,0.1,0.1,3.5,278.9,942.9,3.4,43.5,53.9,3.1,2.5,2.1,2.5,Every day,62,1.0,2.5,2653.1,No,55,-8.0,70,-8.0,96,Student / training: 100%,E09000028,Southwark,LA,Student
On leave,5455,43.0,Female,94,Christian,52,White / Mixed,56,Yes,100,3.2,1428.5,0.6,1.5,0.7,3.8,186.9,1656.7,3.4,38.2,42.4,3.4,2.8,2.4,2.6,Every day,52,-5.1,3.6,1907.1,Yes,69,-8.0,82,-8.0,97,On leave: 100%,E09000028,Southwark,LA,On leave
Inactive,9065,49.5,Male,51,Not religious,61,White / Mixed,80,Yes,100,3.8,1400.5,0.2,0.3,0.2,2.6,34.5,1167.8,4.7,31.8,31.8,3.2,2.8,2.3,2.7,Every day,36,-7.1,4.0,1388.0,No,52,-8.0,96,-8.0,99,Inactive: 100%,E09000028,Southwark,LA,Inactive
Employed 1,39748,51.4,Female,51,Not religious,50,White / Mixed,84,Yes,100,2.8,2780.4,3.9,0.0,0.0,2.6,1439.7,1985.0,3.0,46.4,50.8,3.4,2.8,2.3,2.5,Several times a week,47,12.7,3.8,5352.8,Yes,81,Employer premises,54,-8.0,87,Employed: 100%,E09000029,Sutton,LA,Employed
Employed 2,29652,45.9,Male,53,Not religious,53,White / Mixed,82,Yes,100,2.4,3235.4,3.6,1.7,1.0,4.0,1663.2,2223.5,2.5,45.5,52.5,3.6,2.9,2.3,2.4,Several times a week,48,12.1,4.0,6319.0,Yes,91,Employer premises,53,-8.0,87,Employed: 100%,E09000029,Sutton,LA,Employed
Retired 1,24191,77.5,Female,54,Christian,65,White / Mixed,93,Yes,100,3.9,1752.9,0.1,0.0,0.0,1.9,7.1,1491.8,4.9,49.0,40.9,3.7,2.8,2.3,2.6,Several times a week,40,-7.8,3.9,2551.0,Yes,77,-8.0,99,-8.0,100,Retired: 100%,E09000029,Sutton,LA,Retired
Retired 2,300,68.7,Male,89,Christian,64,White / Mixed,67,Yes,100,3.4,2012.0,0.0,1.2,1.0,3.7,0.0,2496.0,4.0,49.6,43.8,4.1,2.7,1.8,2.2,About once a week,41,-8.0,3.6,5045.5,Yes,69,-8.0,100,-8.0,100,Retired: 100%,E09000029,Sutton,LA,Retired
Unemployed,4527,46.1,Female,56,Not religious,43,White / Mixed,59,Yes,100,3.9,768.7,0.1,0.5,0.3,3.5,15.4,1702.4,4.9,37.5,41.7,3.3,2.5,2.3,2.6,Every day,46,-7.7,3.3,1337.9,No,58,-8.0,99,-8.0,100,Unemployed: 100%,E09000029,Sutton,LA,Unemployed
Student,2171,26.4,Female,58,Not religious,55,White / Mixed,69,Yes,100,2.9,1286.2,2.3,0.1,0.1,3.6,252.1,858.2,4.1,42.0,55.3,3.2,2.6,2.3,2.5,Every day,64,2.8,2.9,1958.8,No,51,-8.0,62,-8.0,93,Student / training: 100%,E09000029,Sutton,LA,Student
On leave,3512,47.0,Female,92,Christian,49,White / Mixed,69,Yes,100,3.6,1038.6,0.3,1.3,0.7,3.9,77.7,1441.2,4.1,40.6,45.8,3.5,2.9,2.3,2.6,Several times a week,46,-6.1,3.8,2177.4,Yes,70,-8.0,92,-8.0,99,On leave: 100%,E09000029,Sutton,LA,On leave
Inactive,4833,52.3,Female,59,Not religious,55,White / Mixed,85,Yes,100,4.0,1437.1,0.4,0.4,0.2,2.8,54.8,1060.6,5.0,32.3,30.7,3.3,3.0,2.4,2.7,Several times a week,39,-6.6,4.0,1384.6,Yes,52,-8.0,94,-8.0,99,Inactive: 100%,E09000029,Sutton,LA,Inactive
Employed 1,9618,40.2,Female,55,Christian,77,Pakistani / Bangladeshi,33,Yes,100,2.2,2354.9,2.6,0.2,0.1,4.5,1047.1,2084.60009765625,2.5,43.6,49.9,3.4,2.5,2.200000047683716,2.5,Every day,69,12.4,3.0,2212.3,Yes,62,Employer premises,40,-8.0,78,Employed: 100%,E09000030,Tower Hamlets,LA,Employed
Employed 2,39255,44.9,Male,57,Not religious,62,White / Mixed,92,Yes,100,2.4,2802.4,3.7,0.0,0.0,2.3,1556.4,2070.300048828125,2.5999999046325684,45.2,51.6,3.2,2.700000047683716,2.299999952316284,2.5,Every day,49,13.8,3.6,4879.1,Yes,71,Employer premises,55,-8.0,89,Employed: 100%,E09000030,Tower Hamlets,LA,Employed
Employed 3,25102,44.0,Male,61,Not religious,48,White / Mixed,70,Yes,100,2.4,2956.9,3.6,1.8,1.0,4.2,1565.9,2180.10009765625,2.4000000953674316,44.4,51.2,3.5,2.799999952316284,2.299999952316284,2.4000000953674316,Every day,55,11.0,4.0,5883.5,Yes,89,Employer premises,51,-8.0,88,Employed: 100%,E09000030,Tower Hamlets,LA,Employed
Employed 4,7,57.0,Male,100,Muslim/Islam,100,Pakistani / Bangladeshi,100,No,100,3.0,157.1,0.0,1.0,1.0,5.0,0.0,,,43.3,35.6,nan%,,,,Every day,100,-8.0,6.0,0.0,No,100,-8.0,100,-8.0,100,Employed: 100%,E09000030,Tower Hamlets,LA,Employed
Employed 5,9562,44.2,Male,66,Muslim/Islam,54,Indian,62,Yes,100,2.4,2786.3,3.2,0.3,0.2,3.5,1419.0,2042.5,2.799999952316284,42.8,47.6,3.3,2.5,2.0,2.5,Every day,47,13.6,3.1,3134.7,Yes,68,Employer premises,47,-8.0,77,Employed: 100%,E09000030,Tower Hamlets,LA,Employed
Retired 1,14149,76.2,Female,51,Christian,61,White / Mixed,85,Yes,100,4.0,1792.9,0.1,0.0,0.0,2.0,6.5,1432.4000244140625,5.0,47.1,39.1,3.7,2.799999952316284,2.299999952316284,2.5999999046325684,Several times a week,39,-7.8,3.8,2308.0,Yes,70,-8.0,99,-8.0,100,Retired: 100%,E09000030,Tower Hamlets,LA,Retired
Retired 2,171,55.5,Male,98,Christian,77,White / Mixed,43,Yes,100,4.0,1088.7,0.0,1.5,1.0,3.6,0.0,2433.300048828125,4.800000190734863,28.8,21.2,3.7,3.5999999046325684,1.5,2.4000000953674316,No internet access,36,-8.0,2.0,2669.0,No,56,-8.0,100,-8.0,100,Retired: 100%,E09000030,Tower Hamlets,LA,Retired
Unemployed,10573,44.1,Female,50,Christian,51,White / Mixed,41,Yes,100,4.0,740.5,0.1,0.4,0.3,4.0,6.9,1507.5999755859375,5.0,36.8,41.0,3.3,2.299999952316284,2.200000047683716,2.5,Every day,48,-7.6,2.9,715.8,No,67,-8.0,99,-8.0,100,Unemployed: 100%,E09000030,Tower Hamlets,LA,Unemployed
Student,3082,26.9,Female,61,Christian,44,White / Mixed,41,Yes,100,3.0,1225.3,1.8,0.1,0.1,4.0,196.8,864.2000122070312,3.799999952316284,42.0,52.5,3.2,2.5,2.200000047683716,2.5,Every day,66,0.3,2.8,1716.7,No,53,-8.0,71,-8.0,94,Student / training: 100%,E09000030,Tower Hamlets,LA,Student
On leave,5619,44.4,Female,93,Christian,55,White / Mixed,50,Yes,100,3.6,1159.3,0.3,1.5,0.7,4.3,99.3,1540.199951171875,4.300000190734863,40.9,44.3,3.4,2.700000047683716,2.299999952316284,2.5,Every day,50,-6.0,3.6,1688.7,Yes,58,-8.0,90,-8.0,98,On leave: 100%,E09000030,Tower Hamlets,LA,On leave
Inactive,8910,48.2,Female,50,Not religious,61,White / Mixed,72,Yes,100,3.9,1309.2,0.1,0.3,0.2,2.8,26.2,1198.5,4.900000095367432,30.8,32.2,3.2,2.9000000953674316,2.299999952316284,2.5999999046325684,Several times a week,36,-7.3,4.0,1098.7,No,53,-8.0,97,-8.0,99,Inactive: 100%,E09000030,Tower Hamlets,LA,Inactive
Employed 1,52240,48.0,Male,54,Not religious,43,White / Mixed,65,Yes,100,2.7,2651.9,3.7,0.0,0.0,2.9,1364.0,2004.0,3.0,45.5,50.5,3.3,2.7,2.3,2.5,Every day,47,12.4,3.5,4512.8,Yes,73,Employer premises,50,-8.0,85,Employed: 100%,E09000031,Waltham Forest,LA,Employed
Employed 2,34224,45.4,Male,57,Not religious,45,White / Mixed,67,Yes,100,2.5,3092.9,3.6,1.7,1.0,4.0,1574.0,2223.9,2.6,45.1,51.6,3.5,2.8,2.2,2.4,Every day,51,11.4,4.0,5937.8,Yes,89,Employer premises,49,-8.0,87,Employed: 100%,E09000031,Waltham Forest,LA,Employed
Retired 1,10333,76.6,Male,100,Christian,56,White / Mixed,84,Yes,100,3.9,1938.1,0.1,0.0,0.0,2.1,7.4,1814.4,4.9,49.5,41.9,3.6,2.8,2.3,2.6,Several times a week,40,-7.9,3.9,3323.3,Yes,81,-8.0,99,-8.0,100,Retired: 100%,E09000031,Waltham Forest,LA,Retired
Retired 2,11989,77.6,Female,100,Christian,68,White / Mixed,85,Yes,100,4.3,1588.4,0.1,0.0,0.0,1.9,4.6,974.1,5.6,47.0,38.5,3.7,2.7,2.3,2.6,Several times a week,36,-7.8,3.8,1479.4,Yes,65,-8.0,99,-8.0,100,Retired: 100%,E09000031,Waltham Forest,LA,Retired
Retired 3,321,66.3,Male,94,Christian,76,White / Mixed,44,Yes,100,3.9,1557.3,0.0,1.3,1.0,3.8,0.0,2494.1,4.2,46.5,40.4,4.0,3.1,1.8,2.3,About once a week,50,-8.0,3.4,3595.5,Yes,62,-8.0,100,-8.0,100,Retired: 100%,E09000031,Waltham Forest,LA,Retired
Unemployed,9068,46.4,Female,54,Christian,52,White / Mixed,37,Yes,100,3.9,789.5,0.1,0.5,0.3,3.9,3.6,1604.5,5.1,38.3,41.6,3.3,2.4,2.3,2.5,Every day,49,-7.8,3.0,1063.0,No,64,-8.0,99,-8.0,100,Unemployed: 100%,E09000031,Waltham Forest,LA,Unemployed
Student,3119,27.1,Female,62,Christian,40,White / Mixed,45,Yes,100,3.0,1196.9,1.7,0.1,0.1,3.6,222.0,884.5,4.0,44.3,53.9,3.2,2.4,2.2,2.5,Every day,62,0.4,2.7,2062.9,No,57,-8.0,72,-8.0,95,Student / training: 100%,E09000031,Waltham Forest,LA,Student
On leave,5297,45.7,Female,93,Christian,57,White / Mixed,49,Yes,100,3.7,1141.4,0.3,1.5,0.7,4.1,72.1,1492.4,4.1,38.3,42.4,3.5,2.8,2.3,2.6,Every day,46,-6.6,3.6,1656.9,Yes,67,-8.0,92,-8.0,99,On leave: 100%,E09000031,Waltham Forest,LA,On leave
Inactive,7195,49.7,Female,53,Not religious,56,White / Mixed,73,Yes,100,4.0,1352.4,0.3,0.4,0.2,2.9,47.4,1225.3,5.1,31.5,32.3,3.3,2.9,2.3,2.6,Several times a week,37,-6.9,4.0,1466.4,Yes,52,-8.0,95,-8.0,99,Inactive: 100%,E09000031,Waltham Forest,LA,Inactive
Employed 1,12121,43.4,Female,64,Christian,71,Caribbean,35,Yes,100,1.9,2666.0,2.9,0.3,0.2,3.8,1271.9,2318.0,2.0,45.5,51.8,3.3,2.4,2.2,2.6,Every day,68,14.5,3.1,2620.9,Yes,70,Employer premises,42,-8.0,77,Employed: 100%,E09000032,Wandsworth,LA,Employed
Employed 2,71571,46.3,Male,50,Not religious,54,White / Mixed,90,Yes,100,2.2,2955.3,3.6,0.0,0.0,2.3,1610.7,2125.4,2.3,45.4,51.9,3.3,2.7,2.3,2.5,Every day,46,13.3,3.6,5065.3,Yes,74,Employer premises,52,-8.0,88,Employed: 100%,E09000032,Wandsworth,LA,Employed
Employed 3,36882,44.5,Male,52,Not religious,53,White / Mixed,87,Yes,100,2.0,3285.9,3.4,1.7,1.0,3.9,1699.4,2243.4,2.0,45.4,52.9,3.5,2.9,2.3,2.4,Every day,48,11.1,4.1,6575.1,Yes,91,Employer premises,51,-8.0,88,Employed: 100%,E09000032,Wandsworth,LA,Employed
Retired 1,23904,77.0,Female,55,Christian,63,White / Mixed,92,Yes,100,3.3,1873.5,0.1,0.0,0.0,1.9,9.6,1417.8,4.1,49.2,41.9,3.7,2.8,2.3,2.6,Several times a week,43,-7.8,3.9,2759.3,Yes,78,-8.0,99,-8.0,100,Retired: 100%,E09000032,Wandsworth,LA,Retired
Retired 2,224,65.6,Male,96,Christian,59,White / Mixed,68,Yes,100,2.8,1998.2,0.0,1.2,1.0,3.8,0.0,2490.9,3.0,47.4,45.5,4.0,3.1,1.8,2.2,Several times a week,43,-8.0,3.7,5312.1,Yes,72,-8.0,100,-8.0,100,Retired: 100%,E09000032,Wandsworth,LA,Retired
Unemployed,8088,44.7,Female,50,Christian,50,White / Mixed,60,Yes,100,3.5,687.0,0.1,0.4,0.3,3.3,13.4,1795.4,4.1,36.7,42.0,3.2,2.3,2.3,2.5,Every day,48,-7.7,3.0,1100.8,No,61,-8.0,99,-8.0,100,Unemployed: 100%,E09000032,Wandsworth,LA,Unemployed
Student,2473,28.5,Female,61,Not religious,46,White / Mixed,61,Yes,100,2.7,1376.6,2.0,0.1,0.1,3.4,261.1,1012.5,3.3,43.2,54.2,3.2,2.5,2.3,2.5,Every day,61,2.0,2.8,2830.3,Yes,52,-8.0,67,-8.0,95,Student / training: 100%,E09000032,Wandsworth,LA,Student
On leave,5686,43.5,Female,94,Christian,49,White / Mixed,68,Yes,100,3.0,1341.3,0.5,1.5,0.8,3.9,168.4,1675.4,3.2,39.7,45.4,3.4,2.8,2.4,2.6,Every day,51,-4.9,3.7,2237.0,Yes,70,-8.0,84,-8.0,97,On leave: 100%,E09000032,Wandsworth,LA,On leave
Inactive,8111,48.1,Male,50,Not religious,66,White / Mixed,86,Yes,100,3.3,1401.9,0.3,0.3,0.2,2.7,48.7,1159.5,4.2,33.1,35.2,3.2,2.9,2.3,2.7,Every day,43,-6.8,4.0,1633.6,Yes,55,-8.0,95,-8.0,99,Inactive: 100%,E09000032,Wandsworth,LA,Inactive
Employed 1,47261,47.9,Male,58,Not religious,55,White / Mixed,91,Yes,100,2.3,2888.7,3.8,0.0,0.0,2.2,1564.1,2065.89990234375,2.5,45.6,51.3,3.3,2.700000047683716,2.299999952316284,2.5,Every day,46,13.8,3.6,5218.3,Yes,74,Employer premises,53,-8.0,88,Employed: 100%,E09000033,Westminster,LA,Employed
Employed 2,23903,44.8,Male,60,Not religious,50,White / Mixed,77,Yes,100,2.2,3218.7,3.6,1.7,1.0,4.0,1640.1,2244.699951171875,2.200000047683716,45.0,51.9,3.5,2.799999952316284,2.299999952316284,2.4000000953674316,Every day,53,11.3,4.0,6314.5,Yes,90,Employer premises,49,-8.0,88,Employed: 100%,E09000033,Westminster,LA,Employed
Employed 3,12994,41.9,Female,51,Christian,62,Arab,32,Yes,100,2.2,2406.6,2.5,0.1,0.1,4.1,969.5,2135.39990234375,2.4000000953674316,44.7,50.8,3.3,2.5999999046325684,2.200000047683716,2.5,Every day,65,8.0,2.9,2697.5,Yes,61,-8.0,42,-8.0,82,Employed: 100%,E09000033,Westminster,LA,Employed
Employed 4,7,57.0,Male,100,Muslim/Islam,100,Pakistani / Bangladeshi,100,No,100,3.0,157.1,0.0,1.0,1.0,5.0,0.0,,,43.3,35.6,nan%,,,,Every day,100,-8.0,6.0,0.0,No,100,-8.0,100,-8.0,100,Employed: 100%,E09000033,Westminster,LA,Employed
Retired 1,24224,77.1,Female,53,Christian,61,White / Mixed,88,Yes,100,3.4,1842.3,0.1,0.0,0.0,1.8,6.0,1293.9000244140625,4.099999904632568,47.8,40.0,3.7,2.700000047683716,2.299999952316284,2.5,Several times a week,41,-7.8,3.8,2534.8,Yes,74,-8.0,99,-8.0,100,Retired: 100%,E09000033,Westminster,LA,Retired
Retired 2,113,66.7,Male,96,Christian,71,White / Mixed,62,Yes,100,3.5,1915.4,0.0,1.3,1.0,3.5,0.0,2533.300048828125,4.300000190734863,45.9,38.6,4.0,2.9000000953674316,1.7999999523162842,2.0,Several times a week,34,-8.0,3.7,3373.5,Yes,63,-8.0,100,-8.0,100,Retired: 100%,E09000033,Westminster,LA,Retired
Unemployed,8058,46.1,Female,53,Christian,49,White / Mixed,49,Yes,100,3.5,747.5,0.1,0.4,0.3,3.5,4.8,1700.300048828125,4.400000095367432,37.3,42.3,3.3,2.299999952316284,2.200000047683716,2.5,Every day,50,-7.7,2.9,1197.9,No,65,-8.0,99,-8.0,100,Unemployed: 100%,E09000033,Westminster,LA,Unemployed
Student,2539,28.3,Female,57,Not religious,42,White / Mixed,54,Yes,100,2.6,1409.3,1.8,0.1,0.0,3.6,267.6,950.9000244140625,3.4000000953674316,43.6,53.9,3.2,2.5,2.200000047683716,2.4000000953674316,Every day,70,3.4,2.6,2281.1,No,51,-8.0,68,-8.0,94,Student / training: 100%,E09000033,Westminster,LA,Student
On leave,4203,45.5,Female,91,Christian,50,White / Mixed,65,Yes,100,3.3,1169.0,0.3,1.3,0.7,3.9,111.9,1521.9000244140625,3.5999999046325684,39.7,44.7,3.4,2.9000000953674316,2.299999952316284,2.5999999046325684,Every day,49,-5.8,3.7,2152.0,Yes,67,-8.0,89,-8.0,98,On leave: 100%,E09000033,Westminster,LA,On leave
Inactive,7657,50.6,Male,51,Not religious,61,White / Mixed,85,Yes,100,3.5,1387.4,0.2,0.3,0.2,2.5,32.4,1217.699951171875,4.199999809265137,33.1,33.2,3.2,2.799999952316284,2.299999952316284,2.700000047683716,Every day,41,-7.2,3.9,1610.9,Yes,51,-8.0,97,-8.0,99,Inactive: 100%,E09000033,Westminster,LA,Inactive
