ladcd,ladnm,group,cluster_id,tribe_label,size,n_respondents,age,health,sex_dv,sex_dv_pct,jbstat,jbstat_pct,racel_dv,racel_dv_pct,hiqual_dv,hiqual_dv_pct,hiqual_dv_2,hiqual_dv_2_pct,marstat_dv,marstat_dv_pct,tenure_dv,tenure_dv_pct,hhtype_dv,hhtype_dv_pct,hhtype_dv_2,hhtype_dv_2_pct,tenure_dv_2,tenure_dv_2_pct,marstat_dv_2,marstat_dv_2_pct,racel_dv_2,racel_dv_2_pct,tribe_description
E06000009,Blackpool,Employed,1,Professional Married Female Homeowners,15611,4108,54.5,2.5,Female,100,Employed,100,White: British/English/Scottish/Welsh/N. Irish,90,Degree,37,A-level etc,22.0,Married/Civil partner,66,Owned with mortgage,66,Couple with 2 children,19,"3 or more adults, no children, incl. at least one couple",14.0,,,,,,,"This cluster consists entirely of middle-aged, highly qualified White British women, predominantly married homeowners with mortgages. Many live in households with two children or multiple adults."
E06000009,Blackpool,Employed,2,Older Unqualified Married Homeowners,5895,310,61.1,2.8,Male,53,Employed,100,White: British/English/Scottish/Welsh/N. Irish,72,No qualification,100,,,Married/Civil partner,64,Owned with mortgage,34,"Couple 1 or more over pensionable age, no children",19,"3 or more adults, no children, incl. at least one couple",19.0,Owned outright,32.0,,,,,"This is the oldest cluster, characterized by individuals with no formal qualifications. They are predominantly married homeowners, often older couples without children or multi-adult households."
E06000009,Blackpool,Employed,3,Professional Married Male Homeowners,18472,4152,55.1,2.5,Male,100,Employed,100,White: British/English/Scottish/Welsh/N. Irish,90,Degree,35,A-level etc,25.0,Married/Civil partner,74,Owned with mortgage,68,Couple with 2 children,22,"Couple both under pensionable age, no children",16.0,,,,,,,"This cluster comprises entirely of middle-aged, highly qualified White British men, mostly married homeowners with mortgages. Many live in households with two children or are couples under pensionable age without children."
E06000009,Blackpool,Employed,4,Young Professional Private Renters,12776,1617,45.3,2.7,Female,52,Employed,100,White: British/English/Scottish/Welsh/N. Irish,80,Degree,35,A-level etc,25.0,Never married,35,Rented private unfurnished,61,"1 adult under pensionable age, no children",27,"Couple both under pensionable age, no children",19.0,,,Married/Civil partner,31.0,,,"This younger, highly qualified cluster is primarily composed of private renters, with a significant proportion never married. Many live as single adults or young couples without children."
E06000009,Blackpool,Employed,5,Young Multi-Adult Homeowners,7900,1324,36.8,2.4,Female,54,Employed,100,White: British/English/Scottish/Welsh/N. Irish,85,A-level etc,40,GCSE etc,24.0,Never married,92,Owned with mortgage,49,"3 or more adults, no children, incl. at least one couple",37,"3 or more adults, 1–2 children, incl. at least one couple",17.0,Owned outright,33.0,,,,,"This is the youngest cluster, characterized by being overwhelmingly never married and having very good health. They predominantly live in multi-adult households, often with mid-level qualifications and a high rate of homeownership."
E06000009,Blackpool,Inactive,1,Older Unqualified Social Renters,2854,109,63.5,4.5,Female,62,Inactive,100,White: British/English/Scottish/Welsh/N. Irish,93,No qualification,100,,,Married/Civil partner,28,Local authority rent,38,"1 adult under pensionable age, no children",37,"1 female, age 60+, no children",17.0,Housing association rented,30.0,Never married,26.0,,,"This cluster consists primarily of older, White British individuals with no formal qualifications. They predominantly live in social rented housing, often as single adults, including many older women."
E06000009,Blackpool,Inactive,2,Younger Healthy Homeowners,1028,123,46.1,2.8,Female,62,Inactive,100,White: British/English/Scottish/Welsh/N. Irish,87,GCSE etc,30,A-level etc,29.0,Never married,48,Owned outright,37,"3 or more adults, no children, incl. at least one couple",14,Couple with 1 child,11.0,Owned with mortgage,35.0,Married/Civil partner,37.0,,,"This is the youngest and healthiest cluster, largely comprising White British homeowners. Many have GCSE or A-level qualifications, and households often include couples, some with children."
E06000009,Blackpool,Inactive,3,Unmarried Multi-Adult Households,1814,96,51.9,4.1,Female,57,Inactive,100,White: British/English/Scottish/Welsh/N. Irish,79,No qualification,69,,,Never married,67,Local authority rent,43,"3 or more adults, no children, incl. at least one couple",31,"3 or more adults, no children, excl. any couples",22.0,Owned outright,28.0,,,,,"This cluster is characterized by a very high proportion of never-married individuals living in multi-adult households, often without children. Many have no formal qualifications and live in a mix of social rented and owned housing."
E06000009,Blackpool,Inactive,4,Middle-Aged Social Renters,2844,490,57.7,4.5,Female,60,Inactive,100,White: British/English/Scottish/Welsh/N. Irish,89,GCSE etc,36,A-level etc,25.0,Married/Civil partner,33,Local authority rent,26,"1 adult under pensionable age, no children",24,"Couple both under pensionable age, no children",10.0,Housing association rented,20.0,Never married,28.0,,,"This cluster represents middle-aged individuals, predominantly White British, with some GCSE or A-level qualifications. They are often social renters, living as single adults or couples without children."
E06000009,Blackpool,Inactive,5,Small Other Ethnic Group,50,8,53.2,4.4,Male,50,Inactive,100,Other ethnic group,100,Other higher degree,25,A-level etc,25.0,Never married,50,Housing association rented,50,"1 female, age 60+, no children",25,"1 adult under pensionable age, no children",25.0,,,,,,,"This is a very small and distinctive cluster, entirely composed of individuals from 'Other ethnic groups'. They show higher levels of education, with a notable proportion of males, and often reside in housing association rented properties."
E06000009,Blackpool,On leave,1,Older Multi-ethnic No-qualification Women,792,93,57.6,3.3,Female,95,On leave,100,White: British/English/Scottish/Welsh/N. Irish,40,No qualification,98,,,Married/Civil partner,80,Owned outright,33,"3 or more adults, 1–2 children, incl. at least one couple",19,"3 or more adults, no children, incl. at least one couple",18.0,Owned with mortgage,28.0,,,Asian: Pakistani,30.0,"This cluster consists primarily of older, married women with very low educational attainment, often living in multi-generational households. It is distinctive for its significant representation of both White British and Asian Pakistani individuals."
E06000009,Blackpool,On leave,2,Educated White Mortgage-holding Mothers,1078,332,48.0,2.2,Female,97,On leave,100,White: British/English/Scottish/Welsh/N. Irish,83,Degree,39,A-level etc,24.0,Married/Civil partner,80,Owned with mortgage,64,Couple with 2 children,34,Couple with 1 child,23.0,,,,,,,"This cluster is characterized by middle-aged, highly educated White British women in very good health, predominantly married homeowners with mortgages. They typically live in nuclear family households with one or two children."
E06000009,Blackpool,On leave,3,Older White Multi-generational Women,632,173,57.1,3.7,Female,85,On leave,100,White: British/English/Scottish/Welsh/N. Irish,81,GCSE etc,39,A-level etc,23.0,Married/Civil partner,63,Owned with mortgage,35,"3 or more adults, no children, incl. at least one couple",24,"3 or more adults, 1–2 children, incl. at least one couple",16.0,Owned outright,34.0,,,,,"This cluster comprises older, predominantly White British women in fair health, with mid-level qualifications. They are often married and live in multi-generational households, with a mix of outright and mortgaged homeownership."
E06000009,Blackpool,On leave,4,Young Single Renter Mothers,912,45,40.5,3.2,Female,98,On leave,100,White: British/English/Scottish/Welsh/N. Irish,84,GCSE etc,49,Degree,16.0,Never married,80,Rented private unfurnished,40,"1 adult, 2 or more children",64,,,Local authority rent,36.0,,,,,"This cluster is defined by younger middle-aged, never-married White British women who are predominantly single mothers with two or more children. They are largely renters, split between private unfurnished and local authority housing."
E06000009,Blackpool,On leave,5,Married White Private Renters,722,96,44.4,2.8,Female,93,On leave,100,White: British/English/Scottish/Welsh/N. Irish,76,GCSE etc,38,A-level etc,28.0,Married/Civil partner,70,Rented private unfurnished,62,Couple with 1 child,24,Couple with 3 or more children,23.0,,,,,,,"This cluster consists of middle-aged, married White British women with mid-level qualifications, who are primarily private renters. They typically live in couple households with one or three or more children."
E06000009,Blackpool,Retired,1,Elderly Unqualified Female Homeowners,9411,933,83.6,3.3,Female,63,Retired,100,White: British/English/Scottish/Welsh/N. Irish,95,No qualification,100,,,Married/Civil partner,54,Owned outright,80,"Couple 1 or more over pensionable age, no children",58,,,,,,,,,"This is the largest and oldest cluster, primarily composed of white British women in good health who own their homes outright. Notably, 100% of this group has no formal qualifications."
E06000009,Blackpool,Retired,2,Educated Male Homeowning Couples,5554,1894,79.0,2.9,Male,100,Retired,100,White: British/English/Scottish/Welsh/N. Irish,97,A-level etc,27,Degree,25.0,Married/Civil partner,72,Owned outright,88,"Couple 1 or more over pensionable age, no children",58,,,,,,,,,"This cluster consists entirely of white British men, predominantly married and owning their homes outright. They stand out for having the highest levels of education among the retired groups, with many holding degrees or A-levels."
E06000009,Blackpool,Retired,3,Renting Single Women Fair Health,3882,377,81.3,3.7,Female,55,Retired,100,White: British/English/Scottish/Welsh/N. Irish,94,No qualification,42,GCSE etc,19.0,Married/Civil partner,29,Rented private unfurnished,46,"1 female, age 60+, no children",36,"Couple 1 or more over pensionable age, no children",27.0,Housing association rented,35.0,Widowed/surviving civil partner,28.0,,,"This cluster is characterized by its members primarily renting their homes, either privately or through housing associations, and reporting fair health. It includes a significant proportion of single white British women, many with no formal qualifications."
E06000009,Blackpool,Retired,4,Younger Female Homeowners,5247,2049,78.8,2.9,Female,100,Retired,100,White: British/English/Scottish/Welsh/N. Irish,95,GCSE etc,31,Other qualification,19.0,Married/Civil partner,54,Owned outright,87,"Couple 1 or more over pensionable age, no children",46,"1 female, age 60+, no children",37.0,,,,,,,"Comprising entirely of white British women, this is the youngest retired cluster with good health and a very high rate of outright home ownership. Households are a mix of couples and single females."
E06000009,Blackpool,Retired,5,Multi-Adult Widowed Households,3723,231,82.3,3.7,Female,69,Retired,100,White: British/English/Scottish/Welsh/N. Irish,84,No qualification,83,,,Married/Civil partner,42,Owned outright,59,"3 or more adults, no children, incl. at least one couple",45,"2 adults, not a couple, one or more over pensionable age, no children",33.0,,,Widowed/surviving civil partner,38.0,,,"This smallest cluster features a high proportion of widowed individuals and distinctive multi-adult households, often including more than two adults or non-couple arrangements. Members are predominantly white British women with no qualifications and report fair health."
E06000009,Blackpool,Student / training,1,Young Female Family Renters,353,83,26.4,2.1,Female,61,Student / training,100,White: British/English/Scottish/Welsh/N. Irish,65,A-level etc,43,GCSE etc,42.0,Never married,95,Rented private unfurnished,47,"3 or more adults, 1–2 children, incl. at least one couple",23,"3 or more adults, no children, incl. at least one couple",18.0,Housing association rented,19.0,,,,,"This cluster consists primarily of young, never-married women, many of whom are White British. They predominantly rent private unfurnished or housing association properties and live in larger households, often with children and other adults."
E06000009,Blackpool,Student / training,2,Male Family Homeowners,1201,318,26.3,2.1,Male,100,Student / training,100,White: British/English/Scottish/Welsh/N. Irish,85,A-level etc,49,GCSE etc,42.0,Never married,97,Owned with mortgage,66,"3 or more adults, 1–2 children, incl. at least one couple",24,Couple with 2 children,19.0,,,,,,,"This group is exclusively male, mostly White British, and never married. They are distinctive for being homeowners with mortgages, often living in larger households that include couples and children."
E06000009,Blackpool,Student / training,3,Young Unqualified Homeowners,1424,85,24.7,2.2,Male,59,Student / training,100,White: British/English/Scottish/Welsh/N. Irish,67,No qualification,100,,,Never married,96,Owned with mortgage,47,"3 or more adults, 1–2 children, incl. at least one couple",24,Couple with 2 children,18.0,Owned outright,20.0,,,,,"This is the youngest cluster, characterized by having no formal qualifications. They are predominantly homeowners, including a significant proportion who own outright, and live in larger households often with children."
E06000009,Blackpool,Student / training,4,Older Single Degree Renters,614,91,29.8,2.7,Female,56,Student / training,100,White: British/English/Scottish/Welsh/N. Irish,78,A-level etc,44,Degree,24.0,Never married,84,Rented private furnished,53,"1 adult under pensionable age, no children",55,,,,,,,,,This cluster has the oldest average age and the highest proportion of degree holders. They are predominantly single adults renting private furnished accommodation and report slightly lower health compared to other student groups.
E06000009,Blackpool,Student / training,5,Female Family Homeowners,1083,339,26.7,2.4,Female,100,Student / training,100,White: British/English/Scottish/Welsh/N. Irish,83,A-level etc,45,GCSE etc,42.0,Never married,94,Owned with mortgage,65,"3 or more adults, 1–2 children, incl. at least one couple",25,"3 or more adults, no children, incl. at least one couple",16.0,,,,,,,"This cluster is exclusively female, mostly White British, and never married. Like their male counterparts, they are predominantly homeowners with mortgages and live in larger households that often include couples and children."
E06000009,Blackpool,Unemployed,1,Young Male Private Renters,1142,90,41.3,2.7,Male,73,Unemployed,100,White: British/English/Scottish/Welsh/N. Irish,61,GCSE etc,36,A-level etc,26.0,Never married,54,Rented private unfurnished,51,"3 or more adults, 1–2 children, incl. at least one couple",21,"1 adult under pensionable age, no children",18.0,,,,,,,"This cluster consists predominantly of younger, never-married men in good health who primarily rent privately. Many live in larger households with other adults and children, or as single adults."
E06000009,Blackpool,Unemployed,2,"Older Married Men, Low Education",1056,96,63.7,3.8,Male,72,Unemployed,100,White: British/English/Scottish/Welsh/N. Irish,79,No qualification,45,GCSE etc,23.0,Married/Civil partner,56,Owned outright,31,"Couple both under pensionable age, no children",24,"1 adult under pensionable age, no children",20.0,Local authority rent,31.0,,,,,"This is the oldest cluster, characterized by predominantly married men with fair health and the highest proportion of no qualifications. They tend to live as couples or single older adults, with a mix of outright homeownership and local authority renting."
E06000009,Blackpool,Unemployed,3,Single Female Social Renters,1404,134,48.3,3.3,Female,78,Unemployed,100,White: British/English/Scottish/Welsh/N. Irish,80,GCSE etc,40,A-level etc,25.0,Never married,62,Local authority rent,25,"1 adult under pensionable age, no children",49,"1 adult, 1 child",14.0,Housing association rented,25.0,,,,,"This cluster is primarily composed of middle-aged, never-married women who are social renters. Nearly half live as single adults without children, while others are single parents."
E06000009,Blackpool,Unemployed,4,Unqualified Female Multi-Adult Households,1021,59,47.1,3.1,Female,71,Unemployed,100,White: British/English/Scottish/Welsh/N. Irish,68,No qualification,97,,,Never married,58,Local authority rent,34,"3 or more adults, no children, incl. at least one couple",19,"3 or more adults, 1–2 children, incl. at least one couple",17.0,Owned with mortgage,31.0,,,,,"This cluster is characterized by middle-aged women with an extremely high proportion of no formal qualifications. They often live in larger multi-adult households, with a mix of social renting and homeownership with a mortgage."
E06000009,Blackpool,Unemployed,5,Young Male Homeowners,1803,360,40.2,2.9,Male,61,Unemployed,100,White: British/English/Scottish/Welsh/N. Irish,79,GCSE etc,34,A-level etc,30.0,Never married,63,Owned with mortgage,48,"3 or more adults, no children, incl. at least one couple",21,"3 or more adults, 1–2 children, incl. at least one couple",16.0,Owned outright,26.0,,,,,"This is the largest and youngest cluster, primarily composed of never-married men in good health. They are overwhelmingly homeowners, either with a mortgage or outright, and often live in larger multi-adult households."
E06000047,County Durham,Employed,1,Older Unqualified Homeowners,19751,326,60.2,2.7,Male,52,Employed,100,White: British/English/Scottish/Welsh/N. Irish,72,No qualification,100,,,Married/Civil partner,62,Owned outright,33,"3 or more adults, no children, incl. at least one couple",20,"Couple 1 or more over pensionable age, no children",18.0,Owned with mortgage,33.0,,,,,"This cluster represents the oldest employed group, characterized by having no formal qualifications. They are predominantly married homeowners, often living in multi-adult households or as older couples."
E06000047,County Durham,Employed,2,Educated Male Mortgage Holders,75081,4965,55.3,2.6,Male,100,Employed,100,White: British/English/Scottish/Welsh/N. Irish,83,Degree,39,A-level etc,23.0,Married/Civil partner,79,Owned with mortgage,66,Couple with 2 children,21,"Couple both under pensionable age, no children",20.0,,,,,,,"This is the largest cluster, uniquely composed entirely of employed men. They are highly educated, mostly married homeowners with mortgages, often living as couples with children or as younger couples without children."
E06000047,County Durham,Employed,3,Young Single Educated Homeowners,39451,2585,40.2,2.5,Female,56,Employed,100,White: British/English/Scottish/Welsh/N. Irish,73,Degree,35,A-level etc,32.0,Never married,93,Owned with mortgage,49,"3 or more adults, no children, incl. at least one couple",28,"1 adult under pensionable age, no children",23.0,Owned outright,31.0,,,,,"This cluster represents the youngest employed group, predominantly female and highly educated. They are overwhelmingly never married, often living as single adults or in multi-adult households without children, and are mostly homeowners."
E06000047,County Durham,Employed,4,Educated Private Renters,28995,1892,45.4,2.7,Female,54,Employed,100,White: British/English/Scottish/Welsh/N. Irish,74,Degree,39,A-level etc,23.0,Never married,33,Rented private unfurnished,57,"1 adult under pensionable age, no children",26,"Couple both under pensionable age, no children",20.0,,,Married/Civil partner,31.0,,,"This cluster is characterized by a high proportion of private renters, often educated and in their mid-forties. They frequently live as single adults or as younger couples without children, with a mixed marital status."
E06000047,County Durham,Employed,5,Educated Female Mortgage Holders,59219,5246,54.9,2.6,Female,100,Employed,100,White: British/English/Scottish/Welsh/N. Irish,85,Degree,41,A-level etc,19.0,Married/Civil partner,73,Owned with mortgage,63,"Couple both under pensionable age, no children",20,Couple with 2 children,19.0,,,,,,,"This cluster is composed entirely of employed women, who are highly educated and predominantly married homeowners with mortgages. They often live as couples with children or as younger couples without children."
E06000047,County Durham,Inactive,1,Younger Educated Homeowners,3584,177,47.4,2.8,Female,59,Inactive,100,White: British/English/Scottish/Welsh/N. Irish,73,Degree,28,GCSE etc,27.0,Never married,45,Owned outright,37,"3 or more adults, no children, incl. at least one couple",14,"3 or more adults, 1–2 children, incl. at least one couple",13.0,Owned with mortgage,33.0,Married/Civil partner,38.0,,,"This cluster represents the youngest and healthiest inactive individuals, often well-educated with degrees. They are predominantly homeowners, living in multi-adult households, sometimes with children."
E06000047,County Durham,Inactive,2,Older Unqualified Female Renters,7356,109,62.1,4.5,Female,100,Inactive,100,White: British/English/Scottish/Welsh/N. Irish,85,No qualification,100,,,Never married,32,Local authority rent,46,"1 adult under pensionable age, no children",18,"1 female, age 60+, no children",17.0,Housing association rented,21.0,Married/Civil partner,27.0,,,This cluster consists entirely of older inactive women with no formal qualifications and fair health. They predominantly live alone in socially rented accommodation.
E06000047,County Durham,Inactive,3,Mid-life Social Renters,10034,670,56.8,4.4,Female,61,Inactive,100,White: British/English/Scottish/Welsh/N. Irish,84,GCSE etc,33,A-level etc,25.0,Married/Civil partner,36,Local authority rent,26,"1 adult under pensionable age, no children",21,"Couple both under pensionable age, no children",13.0,Housing association rented,22.0,Never married,30.0,,,"This is the largest cluster of inactive individuals, typically middle-aged to older with fair health and some mid-level qualifications. They often live in socially rented housing, either alone or as couples, generally under pensionable age."
E06000047,County Durham,Inactive,4,Older Unqualified Male Renters,5832,69,57.8,4.3,Male,100,Inactive,100,White: British/English/Scottish/Welsh/N. Irish,86,No qualification,100,,,Never married,43,Local authority rent,33,"1 adult under pensionable age, no children",30,"3 or more adults, no children, incl. at least one couple",20.0,Housing association rented,25.0,Married/Civil partner,30.0,,,"This cluster comprises exclusively older inactive men with no formal qualifications and fair health. They predominantly live in socially rented accommodation, often as single adults or in multi-adult households."
E06000047,County Durham,Inactive,5,Older Non-White Renters,156,9,55.8,4.3,Female,56,Inactive,100,Other ethnic group,100,Other higher degree,22,A-level etc,22.0,Never married,56,Housing association rented,67,"1 adult under pensionable age, no children",44,"1 female, age 60+, no children",22.0,,,,,,,"This very small cluster consists of older inactive individuals from other ethnic groups, predominantly renting from housing associations. They often live alone and have fair health, with some having higher education."
E06000047,County Durham,On leave,1,Cluster 1,3680,160,42.2,2.9,Female,98,On leave,100,White: British/English/Scottish/Welsh/N. Irish,64,GCSE etc,31,A-level etc,28.0,Married/Civil partner,38,Rented private unfurnished,49,"1 adult, 2 or more children",26,Couple with 1 child,14.0,Local authority rent,19.0,Never married,38.0,,,
E06000047,County Durham,On leave,2,Cluster 2,5324,478,46.4,2.2,Female,97,On leave,100,White: British/English/Scottish/Welsh/N. Irish,68,Degree,40,A-level etc,23.0,Married/Civil partner,82,Owned with mortgage,57,Couple with 2 children,31,Couple with 1 child,19.0,,,,,,,
E06000047,County Durham,On leave,3,Cluster 3,1931,19,47.2,3.6,Female,100,On leave,100,White: British/English/Scottish/Welsh/N. Irish,58,No qualification,100,,,Never married,37,Local authority rent,47,"1 adult, 2 or more children",21,"2 adults, not a couple, 1 or more children",16.0,Housing association rented,21.0,Married/Civil partner,16.0,,,
E06000047,County Durham,On leave,4,Cluster 4,1875,95,58.4,3.2,Female,95,On leave,100,Asian: Pakistani,29,No qualification,95,,,Married/Civil partner,94,Owned outright,37,"3 or more adults, 1–2 children, incl. at least one couple",25,"3 or more adults, no children, incl. at least one couple",21.0,Owned with mortgage,32.0,,,White: British/English/Scottish/Welsh/N. Irish,28.0,
E06000047,County Durham,On leave,5,Cluster 5,3235,299,58.5,3.8,Female,86,On leave,100,White: British/English/Scottish/Welsh/N. Irish,72,GCSE etc,37,Other qualification,21.0,Married/Civil partner,76,Owned with mortgage,33,"3 or more adults, no children, incl. at least one couple",24,"3 or more adults, 1–2 children, incl. at least one couple",13.0,Owned outright,32.0,,,,,
E06000047,County Durham,Retired,1,Cluster 1,14611,513,82.0,3.8,Female,61,Retired,100,White: British/English/Scottish/Welsh/N. Irish,91,No qualification,53,,,Widowed/surviving civil partner,35,Housing association rented,35,"1 female, age 60+, no children",47,"1 male, aged 65+, no children",25.0,Rented private unfurnished,27.0,Divorced/dissolved civil partner,26.0,,,
E06000047,County Durham,Retired,2,Cluster 2,21264,2919,78.4,2.9,Female,100,Retired,100,White: British/English/Scottish/Welsh/N. Irish,93,GCSE etc,25,Degree,23.0,Married/Civil partner,60,Owned outright,86,"Couple 1 or more over pensionable age, no children",54,,,,,,,,,
E06000047,County Durham,Retired,3,Cluster 3,29414,832,83.7,3.2,Female,62,Retired,100,White: British/English/Scottish/Welsh/N. Irish,94,No qualification,100,,,Married/Civil partner,61,Owned outright,91,"Couple 1 or more over pensionable age, no children",65,,,,,,,,,
E06000047,County Durham,Retired,4,Cluster 4,11855,267,82.0,3.8,Female,71,Retired,100,White: British/English/Scottish/Welsh/N. Irish,78,No qualification,78,,,Widowed/surviving civil partner,40,Owned outright,55,"3 or more adults, no children, incl. at least one couple",45,"2 adults, not a couple, one or more over pensionable age, no children",31.0,,,Married/Civil partner,40.0,,,
E06000047,County Durham,Retired,5,Cluster 5,23140,2669,79.0,2.9,Male,100,Retired,100,White: British/English/Scottish/Welsh/N. Irish,93,Degree,32,A-level etc,23.0,Married/Civil partner,76,Owned outright,86,"Couple 1 or more over pensionable age, no children",64,,,,,,,,,
E06000047,County Durham,Student / training,1,Cluster 1,2942,201,29.0,2.4,Female,56,Student / training,100,White: British/English/Scottish/Welsh/N. Irish,63,A-level etc,45,GCSE etc,27.0,Never married,88,Rented private unfurnished,44,"1 adult under pensionable age, no children",27,"3 or more adults, 1–2 children, incl. at least one couple",13.0,Rented private furnished,35.0,,,,,
E06000047,County Durham,Student / training,2,Cluster 2,6846,695,27.3,2.4,Female,100,Student / training,100,White: British/English/Scottish/Welsh/N. Irish,64,A-level etc,49,GCSE etc,34.0,Never married,93,Owned with mortgage,56,"3 or more adults, 1–2 children, incl. at least one couple",33,"3 or more adults, no children, incl. at least one couple",19.0,,,,,,,
E06000047,County Durham,Student / training,3,Cluster 3,7420,517,26.4,2.1,Male,100,Student / training,100,White: British/English/Scottish/Welsh/N. Irish,67,A-level etc,47,GCSE etc,39.0,Never married,97,Owned with mortgage,58,"3 or more adults, 1–2 children, incl. at least one couple",29,"3 or more adults, no children, incl. at least one couple",18.0,,,,,,,
E06000047,County Durham,Student / training,4,Cluster 4,1553,15,27.6,2.4,Male,67,Student / training,100,White: British/English/Scottish/Welsh/N. Irish,53,No qualification,100,,,Never married,87,Rented private unfurnished,33,"1 adult, 2 or more children",40,Couple with 3 or more children,27.0,Local authority rent,20.0,,,,,
E06000047,County Durham,Student / training,5,Cluster 5,4772,80,24.4,2.2,Male,52,Student / training,100,White: British/English/Scottish/Welsh/N. Irish,64,No qualification,100,,,Never married,98,Owned with mortgage,51,"3 or more adults, 1–2 children, incl. at least one couple",24,Couple with 2 children,19.0,,,,,,,
E06000047,County Durham,Unemployed,1,Cluster 1,4180,189,46.5,3.2,Female,60,Unemployed,100,White: British/English/Scottish/Welsh/N. Irish,75,GCSE etc,32,A-level etc,28.0,Never married,79,Local authority rent,26,"1 adult under pensionable age, no children",59,,,Housing association rented,21.0,,,,,
E06000047,County Durham,Unemployed,2,Cluster 2,3206,360,53.5,3.1,Female,51,Unemployed,100,White: British/English/Scottish/Welsh/N. Irish,59,GCSE etc,29,Degree,26.0,Married/Civil partner,71,Owned with mortgage,39,"Couple both under pensionable age, no children",21,Couple with 2 children,14.0,Owned outright,20.0,,,,,
E06000047,County Durham,Unemployed,3,Cluster 3,5252,339,33.5,2.8,Male,63,Unemployed,100,White: British/English/Scottish/Welsh/N. Irish,62,GCSE etc,35,A-level etc,29.0,Never married,96,Owned with mortgage,34,"3 or more adults, no children, incl. at least one couple",26,"3 or more adults, 1–2 children, incl. at least one couple",22.0,Owned outright,24.0,,,,,
E06000047,County Durham,Unemployed,4,Cluster 4,4348,73,48.9,2.8,Female,62,Unemployed,100,White: British/English/Scottish/Welsh/N. Irish,66,No qualification,100,,,Never married,44,Owned with mortgage,30,"3 or more adults, no children, incl. at least one couple",19,Couple with 2 children,16.0,Local authority rent,30.0,Married/Civil partner,32.0,,,
E06000047,County Durham,Unemployed,5,Cluster 5,2089,38,64.7,4.1,Male,63,Unemployed,100,White: British/English/Scottish/Welsh/N. Irish,71,No qualification,89,,,Never married,34,Local authority rent,42,"1 adult under pensionable age, no children",29,"1 female, age 60+, no children",18.0,Owned outright,34.0,Married/Civil partner,29.0,,,
E09000018,Hounslow,Employed,1,Cluster 1,27797,5390,54.3,2.5,Female,100,Employed,100,White: British/English/Scottish/Welsh/N. Irish,81,Degree,41,A-level etc,19.0,Married/Civil partner,66,Owned with mortgage,61,Couple with 2 children,18,"Couple both under pensionable age, no children",16.0,,,,,,,
E09000018,Hounslow,Employed,2,Cluster 2,31652,1846,45.6,2.6,Female,51,Employed,100,White: British/English/Scottish/Welsh/N. Irish,73,Degree,39,A-level etc,22.0,Married/Civil partner,35,Rented private unfurnished,60,"1 adult under pensionable age, no children",25,"Couple both under pensionable age, no children",21.0,,,Never married,31.0,,,
E09000018,Hounslow,Employed,3,Cluster 3,1585,56,49.9,2.5,Female,57,Employed,100,Other ethnic group,100,Degree,48,Other higher degree,18.0,Married/Civil partner,55,Owned with mortgage,48,"Couple both under pensionable age, no children",16,Couple with 2 children,16.0,Local authority rent,16.0,,,,,
E09000018,Hounslow,Employed,4,Cluster 4,21003,1726,37.0,2.5,Female,56,Employed,100,White: British/English/Scottish/Welsh/N. Irish,67,A-level etc,35,Degree,30.0,Never married,92,Owned with mortgage,45,"3 or more adults, no children, incl. at least one couple",35,"3 or more adults, 1–2 children, incl. at least one couple",18.0,Owned outright,31.0,,,,,
E09000018,Hounslow,Employed,5,Cluster 5,39975,5208,55.2,2.6,Male,100,Employed,100,White: British/English/Scottish/Welsh/N. Irish,81,Degree,38,A-level etc,22.0,Married/Civil partner,75,Owned with mortgage,65,Couple with 2 children,20,"Couple both under pensionable age, no children",18.0,,,,,,,
E09000018,Hounslow,Inactive,1,Cluster 1,2705,425,59.4,4.5,Female,60,Inactive,100,White: British/English/Scottish/Welsh/N. Irish,86,GCSE etc,28,A-level etc,19.0,Never married,31,Local authority rent,32,"1 adult under pensionable age, no children",42,"Couple both under pensionable age, no children",18.0,Housing association rented,27.0,Married/Civil partner,29.0,,,
E09000018,Hounslow,Inactive,2,Cluster 2,1953,168,47.3,2.8,Female,58,Inactive,100,White: British/English/Scottish/Welsh/N. Irish,71,Degree,29,GCSE etc,27.0,Never married,44,Owned outright,36,"3 or more adults, 1–2 children, incl. at least one couple",13,"3 or more adults, no children, incl. at least one couple",12.0,Owned with mortgage,32.0,Married/Civil partner,39.0,,,
E09000018,Hounslow,Inactive,3,Cluster 3,2146,96,57.4,4.4,Female,60,Inactive,100,White: British/English/Scottish/Welsh/N. Irish,82,No qualification,100,,,Never married,39,Local authority rent,40,"3 or more adults, no children, incl. at least one couple",25,"2 adults, not a couple, one or more over pensionable age, no children",14.0,Owned outright,22.0,Married/Civil partner,35.0,,,
E09000018,Hounslow,Inactive,4,Cluster 4,2105,254,53.7,4.4,Female,60,Inactive,100,White: British/English/Scottish/Welsh/N. Irish,77,GCSE etc,32,A-level etc,25.0,Never married,36,Owned outright,25,"3 or more adults, no children, incl. at least one couple",24,"2 adults, not a couple, one or more over pensionable age, no children",14.0,Owned with mortgage,23.0,Married/Civil partner,35.0,,,
E09000018,Hounslow,Inactive,5,Cluster 5,249,10,54.8,4.4,Female,60,Inactive,100,Other ethnic group,100,GCSE etc,30,Other higher degree,20.0,Never married,50,Housing association rented,60,"1 adult under pensionable age, no children",40,"1 female, age 60+, no children",20.0,,,,,,,
E09000018,Hounslow,On leave,1,Cluster 1,2544,114,58.4,3.4,Female,95,On leave,100,White: British/English/Scottish/Welsh/N. Irish,35,No qualification,90,,,Married/Civil partner,82,Owned outright,32,"3 or more adults, 1–2 children, incl. at least one couple",23,"3 or more adults, no children, incl. at least one couple",20.0,Owned with mortgage,25.0,,,Asian: Pakistani,31.0,
E09000018,Hounslow,On leave,2,Cluster 2,4691,695,50.2,2.7,Female,94,On leave,100,White: British/English/Scottish/Welsh/N. Irish,66,Degree,31,GCSE etc,26.0,Married/Civil partner,84,Owned with mortgage,50,Couple with 2 children,25,Couple with 3 or more children,16.0,,,,,,,
E09000018,Hounslow,On leave,3,Cluster 3,2359,115,45.0,2.9,Female,97,On leave,100,White: British/English/Scottish/Welsh/N. Irish,56,A-level etc,30,GCSE etc,27.0,Married/Civil partner,72,Rented private unfurnished,62,Couple with 3 or more children,24,Couple with 1 child,23.0,,,,,,,
E09000018,Hounslow,On leave,4,Cluster 4,1809,113,45.4,3.3,Female,91,On leave,100,White: British/English/Scottish/Welsh/N. Irish,73,GCSE etc,36,A-level etc,21.0,Never married,70,Local authority rent,36,"1 adult, 2 or more children",42,"2 adults, not a couple, 1 or more children",12.0,Housing association rented,25.0,,,,,
E09000018,Hounslow,On leave,5,Cluster 5,130,8,45.8,3.0,Female,100,On leave,100,Other ethnic group,100,Degree,25,Other higher degree,25.0,Married/Civil partner,88,Owned with mortgage,88,Couple with 3 or more children,38,"Couple both under pensionable age, no children",25.0,,,,,,,
E09000018,Hounslow,Retired,1,Cluster 1,4761,341,81.5,3.8,Female,73,Retired,100,White: British/English/Scottish/Welsh/N. Irish,73,No qualification,60,,,Married/Civil partner,41,Owned outright,56,"3 or more adults, no children, incl. at least one couple",43,"2 adults, not a couple, one or more over pensionable age, no children",32.0,,,Widowed/surviving civil partner,37.0,,,
E09000018,Hounslow,Retired,2,Cluster 2,7073,1073,83.7,3.4,Female,64,Retired,100,White: British/English/Scottish/Welsh/N. Irish,94,No qualification,97,,,Married/Civil partner,49,Owned outright,72,"Couple 1 or more over pensionable age, no children",52,,,,,Widowed/surviving civil partner,29.0,,,
E09000018,Hounslow,Retired,3,Cluster 3,181,12,79.1,3.1,Female,67,Retired,100,Other ethnic group,100,Degree,42,Other higher degree,17.0,Married/Civil partner,67,Owned outright,75,"Couple 1 or more over pensionable age, no children",58,,,,,,,,,
E09000018,Hounslow,Retired,4,Cluster 4,12680,4349,78.9,2.8,Male,51,Retired,100,White: British/English/Scottish/Welsh/N. Irish,93,Degree,28,GCSE etc,21.0,Married/Civil partner,67,Owned outright,89,"Couple 1 or more over pensionable age, no children",58,,,,,,,,,
E09000018,Hounslow,Retired,5,Cluster 5,3128,477,80.5,3.4,Female,60,Retired,100,White: British/English/Scottish/Welsh/N. Irish,86,Other qualification,27,GCSE etc,25.0,Married/Civil partner,33,Rented private unfurnished,42,"1 female, age 60+, no children",38,"Couple 1 or more over pensionable age, no children",31.0,Housing association rented,30.0,Widowed/surviving civil partner,26.0,,,
E09000018,Hounslow,Student / training,1,Cluster 1,2534,95,24.9,2.2,Male,55,Student / training,100,White: British/English/Scottish/Welsh/N. Irish,62,No qualification,100,,,Never married,96,Owned with mortgage,43,"3 or more adults, 1–2 children, incl. at least one couple",21,Couple with 3 or more children,19.0,Owned outright,19.0,,,,,
E09000018,Hounslow,Student / training,2,Cluster 2,106,7,24.7,2.3,Female,71,Student / training,100,Other ethnic group,100,GCSE etc,57,,,Never married,100,Owned with mortgage,57,"3 or more adults, 1–2 children, incl. at least one couple",43,"3 or more adults, 1 or more children, excl. any couples",29.0,,,,,,,
E09000018,Hounslow,Student / training,3,Cluster 3,2966,200,29.1,2.4,Female,55,Student / training,100,White: British/English/Scottish/Welsh/N. Irish,61,A-level etc,44,GCSE etc,27.0,Never married,87,Rented private unfurnished,43,"1 adult under pensionable age, no children",28,"3 or more adults, 1–2 children, incl. at least one couple",12.0,Rented private furnished,36.0,,,,,
E09000018,Hounslow,Student / training,4,Cluster 4,4274,494,26.5,2.1,Male,100,Student / training,100,White: British/English/Scottish/Welsh/N. Irish,65,A-level etc,48,GCSE etc,39.0,Never married,96,Owned with mortgage,58,"3 or more adults, 1–2 children, incl. at least one couple",29,"3 or more adults, no children, incl. at least one couple",17.0,,,,,,,
E09000018,Hounslow,Student / training,5,Cluster 5,3798,637,27.3,2.4,Female,100,Student / training,100,White: British/English/Scottish/Welsh/N. Irish,60,A-level etc,48,GCSE etc,35.0,Never married,93,Owned with mortgage,55,"3 or more adults, 1–2 children, incl. at least one couple",32,"3 or more adults, no children, incl. at least one couple",17.0,,,,,,,
E09000018,Hounslow,Unemployed,1,Cluster 1,3504,314,34.1,2.8,Male,64,Unemployed,100,White: British/English/Scottish/Welsh/N. Irish,59,GCSE etc,33,A-level etc,31.0,Never married,95,Owned with mortgage,33,"3 or more adults, no children, incl. at least one couple",25,"3 or more adults, 1–2 children, incl. at least one couple",23.0,Owned outright,25.0,,,,,
E09000018,Hounslow,Unemployed,2,Cluster 2,2205,210,46.7,3.1,Female,57,Unemployed,100,White: British/English/Scottish/Welsh/N. Irish,73,GCSE etc,33,A-level etc,27.0,Never married,76,Local authority rent,26,"1 adult under pensionable age, no children",57,,,Housing association rented,19.0,,,,,
E09000018,Hounslow,Unemployed,3,Cluster 3,2775,321,52.2,3.1,Female,52,Unemployed,100,White: British/English/Scottish/Welsh/N. Irish,50,Degree,27,GCSE etc,27.0,Married/Civil partner,76,Owned with mortgage,37,"Couple both under pensionable age, no children",18,Couple with 2 children,17.0,Owned outright,20.0,,,,,
E09000018,Hounslow,Unemployed,4,Cluster 4,117,5,48.0,2.8,Female,80,Unemployed,100,Other ethnic group,100,Degree,60,,,Never married,40,Owned with mortgage,40,"1 adult under pensionable age, no children",20,"2 adults, not a couple, 1 or more children",20.0,Local authority rent,40.0,Married/Civil partner,20.0,,,
E09000018,Hounslow,Unemployed,5,Cluster 5,2845,110,54.5,3.2,Female,56,Unemployed,100,White: British/English/Scottish/Welsh/N. Irish,66,No qualification,95,,,Never married,38,Local authority rent,34,"3 or more adults, no children, incl. at least one couple",18,"3 or more adults, 1–2 children, incl. at least one couple",15.0,Owned with mortgage,26.0,Married/Civil partner,31.0,,,
E09000019,Islington,Employed,1,Cluster 1,15719,1507,55.5,2.7,Female,63,Employed,100,White: British/English/Scottish/Welsh/N. Irish,80,Degree,39,A-level etc,21.0,Never married,56,Owned with mortgage,48,"1 adult under pensionable age, no children",63,,,Owned outright,28.0,,,,,
E09000019,Islington,Employed,2,Cluster 2,32486,2050,38.6,2.5,Female,60,Employed,100,White: British/English/Scottish/Welsh/N. Irish,70,A-level etc,34,Degree,30.0,Never married,85,Owned with mortgage,45,"3 or more adults, no children, incl. at least one couple",36,"3 or more adults, 1–2 children, incl. at least one couple",17.0,Owned outright,32.0,,,,,
E09000019,Islington,Employed,3,Cluster 3,33177,1731,44.9,2.6,Female,54,Employed,100,White: British/English/Scottish/Welsh/N. Irish,75,Degree,40,A-level etc,22.0,Married/Civil partner,34,Rented private unfurnished,63,"1 adult under pensionable age, no children",24,"Couple both under pensionable age, no children",23.0,,,Never married,30.0,,,
E09000019,Islington,Employed,4,Cluster 4,40911,9000,54.0,2.5,Male,53,Employed,100,White: British/English/Scottish/Welsh/N. Irish,82,Degree,41,A-level etc,20.0,Married/Civil partner,82,Owned with mortgage,65,Couple with 2 children,22,"Couple both under pensionable age, no children",22.0,,,,,,,
E09000019,Islington,Employed,5,Cluster 5,1138,57,49.9,2.5,Female,56,Employed,100,Other ethnic group,100,Degree,47,Other higher degree,18.0,Married/Civil partner,56,Owned with mortgage,47,"Couple both under pensionable age, no children",16,Couple with 2 children,16.0,Local authority rent,18.0,,,,,
E09000019,Islington,Inactive,1,Cluster 1,3458,84,55.8,4.3,Female,60,Inactive,100,White: British/English/Scottish/Welsh/N. Irish,81,No qualification,100,,,Never married,44,Local authority rent,43,"3 or more adults, no children, incl. at least one couple",29,"2 adults, not a couple, one or more over pensionable age, no children",15.0,Owned outright,17.0,Married/Civil partner,31.0,,,
E09000019,Islington,Inactive,2,Cluster 2,3421,270,52.9,4.4,Female,64,Inactive,100,White: British/English/Scottish/Welsh/N. Irish,80,GCSE etc,32,A-level etc,26.0,Never married,36,Local authority rent,24,"3 or more adults, no children, incl. at least one couple",28,"2 adults, not a couple, both under pensionable age, no children",14.0,Owned with mortgage,23.0,Married/Civil partner,35.0,,,
E09000019,Islington,Inactive,3,Cluster 3,1898,169,46.6,2.8,Female,59,Inactive,100,White: British/English/Scottish/Welsh/N. Irish,72,Degree,29,GCSE etc,26.0,Never married,46,Owned outright,36,"3 or more adults, no children, incl. at least one couple",15,"3 or more adults, 1–2 children, incl. at least one couple",13.0,Owned with mortgage,33.0,Married/Civil partner,38.0,,,
E09000019,Islington,Inactive,4,Cluster 4,260,10,54.8,4.4,Female,60,Inactive,100,Other ethnic group,100,GCSE etc,30,Other higher degree,20.0,Never married,50,Housing association rented,60,"1 adult under pensionable age, no children",40,"1 female, age 60+, no children",20.0,,,,,,,
E09000019,Islington,Inactive,5,Cluster 5,4864,478,60.2,4.5,Female,60,Inactive,100,White: British/English/Scottish/Welsh/N. Irish,86,GCSE etc,28,No qualification,19.0,Married/Civil partner,33,Local authority rent,31,"1 adult under pensionable age, no children",38,"Couple both under pensionable age, no children",18.0,Housing association rented,26.0,Never married,28.0,,,
E09000019,Islington,On leave,1,Cluster 1,2033,70,45.4,3.1,Female,96,On leave,100,White: British/English/Scottish/Welsh/N. Irish,76,GCSE etc,31,Degree,21.0,Never married,67,Local authority rent,34,"1 adult, 2 or more children",67,,,Rented private unfurnished,23.0,,,,,
E09000019,Islington,On leave,2,Cluster 2,4135,757,48.8,2.7,Female,94,On leave,100,White: British/English/Scottish/Welsh/N. Irish,66,Degree,30,GCSE etc,26.0,Married/Civil partner,85,Owned with mortgage,44,Couple with 2 children,26,Couple with 3 or more children,18.0,Owned outright,21.0,,,,,
E09000019,Islington,On leave,3,Cluster 3,1714,105,56.8,3.3,Female,95,On leave,100,White: British/English/Scottish/Welsh/N. Irish,35,No qualification,100,,,Married/Civil partner,80,Owned outright,31,"3 or more adults, 1–2 children, incl. at least one couple",22,"3 or more adults, no children, incl. at least one couple",16.0,Owned with mortgage,24.0,,,Asian: Pakistani,30.0,
E09000019,Islington,On leave,4,Cluster 4,1312,71,49.6,3.4,Female,86,On leave,100,White: British/English/Scottish/Welsh/N. Irish,72,GCSE etc,38,A-level etc,24.0,Never married,48,Local authority rent,35,"2 adults, not a couple, 1 or more children",21,"3 or more adults, no children, excl. any couples",18.0,Housing association rented,23.0,Divorced/dissolved civil partner,18.0,,,
E09000019,Islington,On leave,5,Cluster 5,64,8,45.8,3.0,Female,100,On leave,100,Other ethnic group,100,Degree,25,Other higher degree,25.0,Married/Civil partner,88,Owned with mortgage,88,Couple with 3 or more children,38,"Couple both under pensionable age, no children",25.0,,,,,,,
E09000019,Islington,Retired,1,Cluster 1,2713,280,81.6,3.9,Female,72,Retired,100,White: British/English/Scottish/Welsh/N. Irish,77,No qualification,69,,,Widowed/surviving civil partner,39,Owned outright,48,"3 or more adults, no children, incl. at least one couple",42,"2 adults, not a couple, one or more over pensionable age, no children",32.0,Local authority rent,18.0,Married/Civil partner,37.0,,,
E09000019,Islington,Retired,2,Cluster 2,8714,3953,78.4,2.8,Male,50,Retired,100,White: British/English/Scottish/Welsh/N. Irish,94,Degree,30,Other higher degree,20.0,Married/Civil partner,66,Owned outright,91,"Couple 1 or more over pensionable age, no children",56,,,,,,,,,
E09000019,Islington,Retired,3,Cluster 3,2785,566,79.6,3.5,Female,57,Retired,100,White: British/English/Scottish/Welsh/N. Irish,80,GCSE etc,27,Other qualification,25.0,Married/Civil partner,33,Housing association rented,31,"1 female, age 60+, no children",35,"Couple 1 or more over pensionable age, no children",30.0,Rented private unfurnished,28.0,Divorced/dissolved civil partner,25.0,,,
E09000019,Islington,Retired,4,Cluster 4,3427,717,83.6,2.9,Female,66,Retired,100,White: British/English/Scottish/Welsh/N. Irish,94,No qualification,100,,,Married/Civil partner,59,Owned outright,86,"Couple 1 or more over pensionable age, no children",61,,,,,,,,,
E09000019,Islington,Retired,5,Cluster 5,3706,378,83.9,4.3,Female,57,Retired,100,White: British/English/Scottish/Welsh/N. Irish,93,No qualification,92,,,Widowed/surviving civil partner,37,Owned outright,32,"1 female, age 60+, no children",42,"Couple 1 or more over pensionable age, no children",29.0,Housing association rented,27.0,Married/Civil partner,28.0,,,
E09000019,Islington,Student / training,1,Cluster 1,5167,526,26.5,2.1,Male,100,Student / training,100,White: British/English/Scottish/Welsh/N. Irish,66,A-level etc,48,GCSE etc,38.0,Never married,97,Owned with mortgage,56,"3 or more adults, 1–2 children, incl. at least one couple",30,"3 or more adults, no children, incl. at least one couple",19.0,,,,,,,
E09000019,Islington,Student / training,2,Cluster 2,4182,184,29.5,2.5,Female,57,Student / training,100,White: British/English/Scottish/Welsh/N. Irish,65,A-level etc,44,GCSE etc,26.0,Never married,85,Rented private unfurnished,46,"1 adult under pensionable age, no children",30,"Couple both under pensionable age, no children",9.0,Rented private furnished,39.0,,,,,
E09000019,Islington,Student / training,3,Cluster 3,103,7,24.7,2.3,Female,71,Student / training,100,Other ethnic group,100,GCSE etc,57,,,Never married,100,Owned with mortgage,57,"3 or more adults, 1–2 children, incl. at least one couple",43,"3 or more adults, 1 or more children, excl. any couples",29.0,,,,,,,
E09000019,Islington,Student / training,4,Cluster 4,6268,709,27.3,2.4,Female,100,Student / training,100,White: British/English/Scottish/Welsh/N. Irish,62,A-level etc,48,GCSE etc,35.0,Never married,94,Owned with mortgage,55,"3 or more adults, 1–2 children, incl. at least one couple",34,"3 or more adults, no children, incl. at least one couple",20.0,,,,,,,
E09000019,Islington,Student / training,5,Cluster 5,3086,95,24.9,2.2,Male,55,Student / training,100,White: British/English/Scottish/Welsh/N. Irish,62,No qualification,100,,,Never married,96,Owned with mortgage,43,"3 or more adults, 1–2 children, incl. at least one couple",21,Couple with 3 or more children,19.0,Owned outright,19.0,,,,,
E09000019,Islington,Unemployed,1,Cluster 1,2141,340,52.1,3.1,Female,50,Unemployed,100,White: British/English/Scottish/Welsh/N. Irish,56,GCSE etc,28,Degree,27.0,Married/Civil partner,75,Owned with mortgage,39,"Couple both under pensionable age, no children",20,Couple with 2 children,15.0,Owned outright,18.0,,,,,
E09000019,Islington,Unemployed,2,Cluster 2,2697,111,54.4,3.2,Female,57,Unemployed,100,White: British/English/Scottish/Welsh/N. Irish,68,No qualification,96,,,Never married,40,Local authority rent,32,"3 or more adults, no children, incl. at least one couple",17,"3 or more adults, 1–2 children, incl. at least one couple",14.0,Owned with mortgage,26.0,Married/Civil partner,31.0,,,
E09000019,Islington,Unemployed,3,Cluster 3,5898,345,33.9,2.8,Male,61,Unemployed,100,White: British/English/Scottish/Welsh/N. Irish,61,GCSE etc,33,A-level etc,30.0,Never married,95,Owned with mortgage,33,"3 or more adults, no children, incl. at least one couple",26,"3 or more adults, 1–2 children, incl. at least one couple",22.0,Owned outright,24.0,,,,,
E09000019,Islington,Unemployed,4,Cluster 4,3141,208,47.4,3.2,Female,56,Unemployed,100,White: British/English/Scottish/Welsh/N. Irish,72,GCSE etc,33,A-level etc,25.0,Never married,74,Local authority rent,26,"1 adult under pensionable age, no children",62,,,Housing association rented,20.0,,,,,
E09000019,Islington,Unemployed,5,Cluster 5,126,6,44.7,2.5,Female,67,Unemployed,100,Other ethnic group,100,Degree,50,,,Never married,50,Local authority rent,50,"3 or more adults, 1 or more children, excl. any couples",33,"1 adult under pensionable age, no children",17.0,,,,,,,
E09000025,Newham,Employed,1,Cluster 1,42842,8025,54.1,2.5,Male,55,Employed,100,White: British/English/Scottish/Welsh/N. Irish,80,Degree,39,A-level etc,22.0,Married/Civil partner,80,Owned with mortgage,67,Couple with 2 children,23,"Couple both under pensionable age, no children",18.0,,,,,,,
E09000025,Newham,Employed,2,Cluster 2,34994,1816,38.1,2.5,Female,58,Employed,100,White: British/English/Scottish/Welsh/N. Irish,64,A-level etc,34,Degree,31.0,Never married,88,Owned with mortgage,39,"3 or more adults, no children, incl. at least one couple",31,"3 or more adults, 1–2 children, incl. at least one couple",18.0,Owned outright,27.0,,,,,
E09000025,Newham,Employed,3,Cluster 3,1529,57,49.9,2.5,Female,56,Employed,100,Other ethnic group,100,Degree,47,Other higher degree,18.0,Married/Civil partner,56,Owned with mortgage,47,"Couple both under pensionable age, no children",16,Couple with 2 children,16.0,Local authority rent,18.0,,,,,
E09000025,Newham,Employed,4,Cluster 4,31447,1081,47.3,2.6,Male,57,Employed,100,White: British/English/Scottish/Welsh/N. Irish,68,Degree,36,A-level etc,21.0,Married/Civil partner,65,Rented private unfurnished,58,"Couple both under pensionable age, no children",29,Couple with 1 child,18.0,,,,,,,
E09000025,Newham,Employed,5,Cluster 5,20646,1770,50.7,2.7,Female,64,Employed,100,White: British/English/Scottish/Welsh/N. Irish,78,Degree,43,A-level etc,21.0,Never married,63,Owned with mortgage,32,"1 adult under pensionable age, no children",63,,,Rented private unfurnished,19.0,,,,,
E09000025,Newham,Inactive,1,Cluster 1,3280,249,53.1,4.4,Female,59,Inactive,100,White: British/English/Scottish/Welsh/N. Irish,76,GCSE etc,32,A-level etc,26.0,Never married,36,Local authority rent,24,"3 or more adults, no children, incl. at least one couple",22,"2 adults, not a couple, one or more over pensionable age, no children",14.0,Owned outright,23.0,Married/Civil partner,35.0,,,
E09000025,Newham,Inactive,2,Cluster 2,3505,165,46.8,2.8,Female,57,Inactive,100,White: British/English/Scottish/Welsh/N. Irish,71,Degree,28,GCSE etc,27.0,Never married,46,Owned outright,37,"3 or more adults, 1–2 children, incl. at least one couple",15,"3 or more adults, no children, incl. at least one couple",11.0,Owned with mortgage,32.0,Married/Civil partner,37.0,,,
E09000025,Newham,Inactive,3,Cluster 3,3648,83,55.9,4.3,Female,60,Inactive,100,White: British/English/Scottish/Welsh/N. Irish,80,No qualification,100,,,Never married,45,Local authority rent,42,"3 or more adults, no children, incl. at least one couple",28,"2 adults, not a couple, one or more over pensionable age, no children",16.0,Owned outright,17.0,Married/Civil partner,30.0,,,
E09000025,Newham,Inactive,4,Cluster 4,346,9,55.8,4.3,Female,56,Inactive,100,Other ethnic group,100,Other higher degree,22,A-level etc,22.0,Never married,56,Housing association rented,67,"1 adult under pensionable age, no children",44,"1 female, age 60+, no children",22.0,,,,,,,
E09000025,Newham,Inactive,5,Cluster 5,3571,409,60.2,4.5,Female,58,Inactive,100,White: British/English/Scottish/Welsh/N. Irish,85,GCSE etc,26,No qualification,23.0,Never married,31,Local authority rent,33,"1 adult under pensionable age, no children",42,"Couple both under pensionable age, no children",16.0,Housing association rented,27.0,Married/Civil partner,30.0,,,
E09000025,Newham,On leave,1,Cluster 1,2641,109,44.7,3.2,Female,91,On leave,100,White: British/English/Scottish/Welsh/N. Irish,74,GCSE etc,35,A-level etc,22.0,Never married,71,Local authority rent,35,"1 adult, 2 or more children",43,"2 adults, not a couple, 1 or more children",11.0,Housing association rented,24.0,,,,,
E09000025,Newham,On leave,2,Cluster 2,4139,116,58.3,3.4,Female,94,On leave,100,White: British/English/Scottish/Welsh/N. Irish,38,No qualification,89,,,Married/Civil partner,80,Owned outright,33,"3 or more adults, 1–2 children, incl. at least one couple",22,"3 or more adults, no children, incl. at least one couple",19.0,Local authority rent,25.0,,,Asian: Pakistani,29.0,
E09000025,Newham,On leave,3,Cluster 3,5367,654,49.2,2.7,Female,94,On leave,100,White: British/English/Scottish/Welsh/N. Irish,63,Degree,31,GCSE etc,25.0,Married/Civil partner,83,Owned with mortgage,50,Couple with 2 children,25,Couple with 3 or more children,17.0,,,,,,,
E09000025,Newham,On leave,4,Cluster 4,5068,103,45.3,2.9,Female,97,On leave,100,White: British/English/Scottish/Welsh/N. Irish,57,A-level etc,31,GCSE etc,29.0,Married/Civil partner,75,Rented private unfurnished,69,Couple with 3 or more children,26,Couple with 1 child,21.0,,,,,,,
E09000025,Newham,On leave,5,Cluster 5,154,8,45.8,3.0,Female,100,On leave,100,Other ethnic group,100,Degree,25,Other higher degree,25.0,Married/Civil partner,88,Owned with mortgage,88,Couple with 3 or more children,38,"Couple both under pensionable age, no children",25.0,,,,,,,
E09000025,Newham,Retired,1,Cluster 1,3697,400,80.6,3.4,Female,55,Retired,100,White: British/English/Scottish/Welsh/N. Irish,84,GCSE etc,25,Other qualification,24.0,Married/Civil partner,34,Rented private unfurnished,49,"1 female, age 60+, no children",34,"Couple 1 or more over pensionable age, no children",31.0,Housing association rented,28.0,Widowed/surviving civil partner,25.0,,,
E09000025,Newham,Retired,2,Cluster 2,6370,1128,83.8,3.4,Female,65,Retired,100,White: British/English/Scottish/Welsh/N. Irish,94,No qualification,89,,,Married/Civil partner,45,Owned outright,70,"Couple 1 or more over pensionable age, no children",47,"1 female, age 60+, no children",39.0,,,Widowed/surviving civil partner,32.0,,,
E09000025,Newham,Retired,3,Cluster 3,8070,3246,78.5,2.8,Male,51,Retired,100,White: British/English/Scottish/Welsh/N. Irish,90,Degree,27,GCSE etc,22.0,Married/Civil partner,66,Owned outright,86,"Couple 1 or more over pensionable age, no children",55,,,,,,,,,
E09000025,Newham,Retired,4,Cluster 4,4898,238,82.1,3.7,Female,74,Retired,100,White: British/English/Scottish/Welsh/N. Irish,74,No qualification,84,,,Widowed/surviving civil partner,43,Owned outright,56,"3 or more adults, no children, incl. at least one couple",40,"2 adults, not a couple, one or more over pensionable age, no children",34.0,,,Married/Civil partner,37.0,,,
E09000025,Newham,Retired,5,Cluster 5,126,12,79.1,3.1,Female,67,Retired,100,Other ethnic group,100,Degree,42,Other higher degree,17.0,Married/Civil partner,67,Owned outright,75,"Couple 1 or more over pensionable age, no children",58,,,,,,,,,
E09000025,Newham,Student / training,1,Cluster 1,7467,192,29.3,2.4,Female,54,Student / training,100,White: British/English/Scottish/Welsh/N. Irish,62,A-level etc,44,GCSE etc,26.0,Never married,86,Rented private unfurnished,45,"1 adult under pensionable age, no children",29,"3 or more adults, 1–2 children, incl. at least one couple",9.0,Rented private furnished,36.0,,,,,
E09000025,Newham,Student / training,2,Cluster 2,6233,635,27.4,2.4,Female,100,Student / training,100,White: British/English/Scottish/Welsh/N. Irish,58,A-level etc,48,GCSE etc,35.0,Never married,94,Owned with mortgage,54,"3 or more adults, 1–2 children, incl. at least one couple",36,"3 or more adults, no children, incl. at least one couple",15.0,,,,,,,
E09000025,Newham,Student / training,3,Cluster 3,5652,482,26.4,2.1,Male,100,Student / training,100,White: British/English/Scottish/Welsh/N. Irish,64,A-level etc,47,GCSE etc,39.0,Never married,96,Owned with mortgage,57,"3 or more adults, 1–2 children, incl. at least one couple",30,"3 or more adults, no children, incl. at least one couple",16.0,,,,,,,
E09000025,Newham,Student / training,4,Cluster 4,210,7,24.7,2.3,Female,71,Student / training,100,Other ethnic group,100,GCSE etc,57,,,Never married,100,Owned with mortgage,57,"3 or more adults, 1–2 children, incl. at least one couple",43,"3 or more adults, 1 or more children, excl. any couples",29.0,,,,,,,
E09000025,Newham,Student / training,5,Cluster 5,4584,95,24.9,2.2,Male,55,Student / training,100,White: British/English/Scottish/Welsh/N. Irish,62,No qualification,100,,,Never married,96,Owned with mortgage,43,"3 or more adults, 1–2 children, incl. at least one couple",21,Couple with 3 or more children,19.0,Owned outright,19.0,,,,,
E09000025,Newham,Unemployed,1,Cluster 1,4897,319,52.4,3.1,Male,51,Unemployed,100,White: British/English/Scottish/Welsh/N. Irish,52,GCSE etc,28,Degree,27.0,Married/Civil partner,77,Owned with mortgage,37,"Couple both under pensionable age, no children",18,Couple with 2 children,16.0,Owned outright,19.0,,,,,
E09000025,Newham,Unemployed,2,Cluster 2,5367,118,55.1,3.3,Female,59,Unemployed,100,White: British/English/Scottish/Welsh/N. Irish,66,No qualification,89,,,Never married,36,Local authority rent,34,"3 or more adults, no children, incl. at least one couple",18,"3 or more adults, 1–2 children, incl. at least one couple",14.0,Owned with mortgage,26.0,Married/Civil partner,31.0,,,
E09000025,Newham,Unemployed,3,Cluster 3,4104,207,46.3,3.2,Female,59,Unemployed,100,White: British/English/Scottish/Welsh/N. Irish,68,GCSE etc,33,A-level etc,25.0,Never married,77,Local authority rent,25,"1 adult under pensionable age, no children",52,,,Housing association rented,20.0,,,,,
E09000025,Newham,Unemployed,4,Cluster 4,5962,297,33.7,2.8,Male,65,Unemployed,100,White: British/English/Scottish/Welsh/N. Irish,59,GCSE etc,35,A-level etc,31.0,Never married,94,Owned with mortgage,35,"3 or more adults, 1–2 children, incl. at least one couple",24,"3 or more adults, no children, incl. at least one couple",22.0,Owned outright,24.0,,,,,
E09000025,Newham,Unemployed,5,Cluster 5,206,6,44.7,2.5,Female,67,Unemployed,100,Other ethnic group,100,Degree,50,,,Never married,50,Local authority rent,50,"3 or more adults, 1 or more children, excl. any couples",33,"1 adult under pensionable age, no children",17.0,,,,,,,
E09000030,Tower Hamlets,Employed,1,Cluster 1,34926,1870,46.1,2.7,Female,53,Employed,100,White: British/English/Scottish/Welsh/N. Irish,74,Degree,40,A-level etc,22.0,Married/Civil partner,33,Rented private unfurnished,55,"1 adult under pensionable age, no children",27,"Couple both under pensionable age, no children",21.0,,,Never married,31.0,,,
E09000030,Tower Hamlets,Employed,2,Cluster 2,31385,1962,37.4,2.5,Female,60,Employed,100,White: British/English/Scottish/Welsh/N. Irish,68,A-level etc,34,Degree,32.0,Never married,89,Owned with mortgage,41,"3 or more adults, no children, incl. at least one couple",36,"3 or more adults, 1–2 children, incl. at least one couple",17.0,Owned outright,30.0,,,,,
E09000030,Tower Hamlets,Employed,3,Cluster 3,44745,9589,53.6,2.5,Male,52,Employed,100,White: British/English/Scottish/Welsh/N. Irish,81,Degree,42,A-level etc,21.0,Married/Civil partner,71,Owned with mortgage,66,Couple with 2 children,20,"Couple both under pensionable age, no children",19.0,,,,,,,
E09000030,Tower Hamlets,Employed,4,Cluster 4,737,56,49.6,2.5,Female,55,Employed,100,Other ethnic group,100,Degree,46,Other higher degree,18.0,Married/Civil partner,55,Owned with mortgage,46,"Couple both under pensionable age, no children",16,Couple with 2 children,16.0,Local authority rent,18.0,,,,,
E09000030,Tower Hamlets,Employed,5,Cluster 5,8302,358,60.2,2.8,Male,54,Employed,100,White: British/English/Scottish/Welsh/N. Irish,68,No qualification,90,,,Married/Civil partner,63,Owned with mortgage,30,"3 or more adults, no children, incl. at least one couple",21,"Couple 1 or more over pensionable age, no children",16.0,Owned outright,29.0,,,,,
E09000030,Tower Hamlets,Inactive,1,Cluster 1,5088,178,60.4,4.4,Female,61,Inactive,100,White: British/English/Scottish/Welsh/N. Irish,85,No qualification,100,,,Never married,37,Local authority rent,41,"1 adult under pensionable age, no children",23,"3 or more adults, no children, incl. at least one couple",13.0,Housing association rented,22.0,Married/Civil partner,28.0,,,
E09000030,Tower Hamlets,Inactive,2,Cluster 2,2293,164,46.3,2.8,Female,57,Inactive,100,White: British/English/Scottish/Welsh/N. Irish,70,Degree,30,GCSE etc,27.0,Never married,46,Owned outright,34,"3 or more adults, no children, incl. at least one couple",15,"3 or more adults, 1–2 children, incl. at least one couple",13.0,Owned with mortgage,33.0,Married/Civil partner,37.0,,,
E09000030,Tower Hamlets,Inactive,3,Cluster 3,3357,227,53.1,4.4,Female,60,Inactive,100,White: British/English/Scottish/Welsh/N. Irish,78,GCSE etc,33,A-level etc,26.0,Never married,42,Local authority rent,26,"3 or more adults, no children, incl. at least one couple",29,"2 adults, not a couple, both under pensionable age, no children",16.0,Housing association rented,22.0,Married/Civil partner,28.0,,,
E09000030,Tower Hamlets,Inactive,4,Cluster 4,147,10,54.8,4.4,Female,60,Inactive,100,Other ethnic group,100,GCSE etc,30,Other higher degree,20.0,Never married,50,Housing association rented,60,"1 adult under pensionable age, no children",40,"1 female, age 60+, no children",20.0,,,,,,,
E09000030,Tower Hamlets,Inactive,5,Cluster 5,2855,393,57.7,4.5,Female,60,Inactive,100,White: British/English/Scottish/Welsh/N. Irish,85,GCSE etc,33,A-level etc,25.0,Married/Civil partner,35,Local authority rent,29,"1 adult under pensionable age, no children",36,"Couple both under pensionable age, no children",19.0,Housing association rented,25.0,Never married,27.0,,,
E09000030,Tower Hamlets,On leave,1,Cluster 1,2685,112,45.2,3.3,Female,91,On leave,100,White: British/English/Scottish/Welsh/N. Irish,73,GCSE etc,36,A-level etc,21.0,Never married,71,Local authority rent,36,"1 adult, 2 or more children",41,"2 adults, not a couple, 1 or more children",12.0,Housing association rented,23.0,,,,,
E09000030,Tower Hamlets,On leave,2,Cluster 2,5052,694,49.9,2.7,Female,94,On leave,100,White: British/English/Scottish/Welsh/N. Irish,65,Degree,30,GCSE etc,26.0,Married/Civil partner,83,Owned with mortgage,48,Couple with 2 children,25,Couple with 3 or more children,16.0,Owned outright,25.0,,,,,
E09000030,Tower Hamlets,On leave,3,Cluster 3,3245,103,57.2,3.3,Female,95,On leave,100,White: British/English/Scottish/Welsh/N. Irish,33,No qualification,100,,,Married/Civil partner,81,Owned outright,32,"3 or more adults, 1–2 children, incl. at least one couple",22,"3 or more adults, no children, incl. at least one couple",18.0,Owned with mortgage,24.0,,,Asian: Pakistani,31.0,
E09000030,Tower Hamlets,On leave,4,Cluster 4,2258,106,44.8,2.8,Female,97,On leave,100,White: British/English/Scottish/Welsh/N. Irish,58,A-level etc,31,GCSE etc,27.0,Married/Civil partner,74,Rented private unfurnished,65,Couple with 3 or more children,25,Couple with 1 child,24.0,,,,,,,
E09000030,Tower Hamlets,On leave,5,Cluster 5,54,8,45.8,3.0,Female,100,On leave,100,Other ethnic group,100,Degree,25,Other higher degree,25.0,Married/Civil partner,88,Owned with mortgage,88,Couple with 3 or more children,38,"Couple both under pensionable age, no children",25.0,,,,,,,
E09000030,Tower Hamlets,Retired,1,Cluster 1,1821,558,75.3,3.1,Male,52,Retired,100,White: British/English/Scottish/Welsh/N. Irish,75,Degree,29,GCSE etc,20.0,Married/Civil partner,63,Owned outright,73,"3 or more adults, no children, incl. at least one couple",55,,,,,,,,,
E09000030,Tower Hamlets,Retired,2,Cluster 2,2692,216,82.2,3.6,Female,70,Retired,100,White: British/English/Scottish/Welsh/N. Irish,79,No qualification,98,,,Widowed/surviving civil partner,41,Owned outright,53,"3 or more adults, no children, incl. at least one couple",42,"2 adults, not a couple, one or more over pensionable age, no children",34.0,,,Married/Civil partner,39.0,,,
E09000030,Tower Hamlets,Retired,3,Cluster 3,5145,2929,78.6,2.8,Male,51,Retired,100,White: British/English/Scottish/Welsh/N. Irish,95,Degree,30,GCSE etc,19.0,Married/Civil partner,66,Owned outright,92,"Couple 1 or more over pensionable age, no children",64,,,,,,,,,
E09000030,Tower Hamlets,Retired,4,Cluster 4,6157,1039,83.6,3.4,Female,63,Retired,100,White: British/English/Scottish/Welsh/N. Irish,93,No qualification,99,,,Married/Civil partner,48,Owned outright,67,"Couple 1 or more over pensionable age, no children",51,,,,,Widowed/surviving civil partner,30.0,,,
E09000030,Tower Hamlets,Retired,5,Cluster 5,2160,523,80.0,3.5,Female,57,Retired,100,White: British/English/Scottish/Welsh/N. Irish,85,Other qualification,28,GCSE etc,28.0,Married/Civil partner,34,Housing association rented,32,"1 female, age 60+, no children",37,"Couple 1 or more over pensionable age, no children",33.0,Rented private unfurnished,29.0,Divorced/dissolved civil partner,25.0,,,
E09000030,Tower Hamlets,Student / training,1,Cluster 1,1948,87,26.4,2.1,Female,57,Student / training,100,White: British/English/Scottish/Welsh/N. Irish,47,A-level etc,51,,,Never married,98,Rented private unfurnished,49,"3 or more adults, 1–2 children, incl. at least one couple",30,"3 or more adults, no children, incl. at least one couple",23.0,Rented from employer,23.0,,,Asian: Pakistani,13.0,
E09000030,Tower Hamlets,Student / training,2,Cluster 2,4697,507,26.5,2.1,Male,100,Student / training,100,White: British/English/Scottish/Welsh/N. Irish,66,A-level etc,48,GCSE etc,38.0,Never married,97,Owned with mortgage,58,"3 or more adults, 1–2 children, incl. at least one couple",30,"3 or more adults, no children, incl. at least one couple",18.0,,,,,,,
E09000030,Tower Hamlets,Student / training,3,Cluster 3,2605,120,31.1,2.6,Female,53,Student / training,100,White: British/English/Scottish/Welsh/N. Irish,72,A-level etc,40,Degree,29.0,Never married,78,Rented private furnished,45,"1 adult under pensionable age, no children",47,"Couple both under pensionable age, no children",14.0,Rented private unfurnished,38.0,,,,,
E09000030,Tower Hamlets,Student / training,4,Cluster 4,4714,675,27.3,2.4,Female,100,Student / training,100,White: British/English/Scottish/Welsh/N. Irish,61,A-level etc,48,GCSE etc,34.0,Never married,93,Owned with mortgage,54,"3 or more adults, 1–2 children, incl. at least one couple",32,"3 or more adults, no children, incl. at least one couple",20.0,,,,,,,
E09000030,Tower Hamlets,Student / training,5,Cluster 5,3138,95,24.9,2.2,Male,55,Student / training,100,White: British/English/Scottish/Welsh/N. Irish,62,No qualification,100,,,Never married,96,Owned with mortgage,43,"3 or more adults, 1–2 children, incl. at least one couple",21,Couple with 3 or more children,19.0,Owned outright,19.0,,,,,
E09000030,Tower Hamlets,Unemployed,1,Cluster 1,2798,205,47.3,3.1,Female,57,Unemployed,100,White: British/English/Scottish/Welsh/N. Irish,72,GCSE etc,32,A-level etc,25.0,Never married,75,Local authority rent,27,"1 adult under pensionable age, no children",61,,,Housing association rented,20.0,,,,,
E09000030,Tower Hamlets,Unemployed,2,Cluster 2,3095,212,35.1,3.3,Male,67,Unemployed,100,White: British/English/Scottish/Welsh/N. Irish,84,GCSE etc,38,A-level etc,28.0,Never married,93,Owned with mortgage,31,"3 or more adults, no children, incl. at least one couple",24,"3 or more adults, 1–2 children, incl. at least one couple",21.0,Owned outright,25.0,,,,,
E09000030,Tower Hamlets,Unemployed,3,Cluster 3,3025,139,33.9,2.1,Male,55,Unemployed,100,White: British/English/Scottish/Welsh/N. Irish,21,Degree,32,A-level etc,30.0,Never married,93,Owned with mortgage,35,"3 or more adults, no children, incl. at least one couple",29,"3 or more adults, 1–2 children, incl. at least one couple",22.0,Owned outright,21.0,,,Asian: Pakistani,20.0,
E09000030,Tower Hamlets,Unemployed,4,Cluster 4,4021,106,54.3,3.2,Female,55,Unemployed,100,White: British/English/Scottish/Welsh/N. Irish,66,No qualification,98,,,Never married,39,Local authority rent,34,"3 or more adults, no children, incl. at least one couple",17,"3 or more adults, 1–2 children, incl. at least one couple",15.0,Owned with mortgage,26.0,Married/Civil partner,31.0,,,
E09000030,Tower Hamlets,Unemployed,5,Cluster 5,3049,330,51.9,3.1,Female,51,Unemployed,100,White: British/English/Scottish/Welsh/N. Irish,52,GCSE etc,27,Degree,27.0,Married/Civil partner,77,Owned with mortgage,39,"Couple both under pensionable age, no children",20,Couple with 2 children,16.0,Owned outright,17.0,,,,,
